radio	1239	1790815854646	https://music.playrevival.co/
station	1	Revival FM	Lobi ekranının unutulmaz melodisi. Revival'ın kalbi burada atıyor.	1790149760409	cbf2851db93d436b9e0e5471ba4a91ae4223cb172d9cdebd4e49f6152fe0a54b
track	43d461e76d29f1c688a4d0d0e6d99b8c171c729aadd3842aff693b7d51114334	160421	Revival Soundtrack #1	Revival
track	70b1a0012e79884d3fac8e57c58c4f7372515fd4a0543f8453a5b5e43ad91c11	115826	Revival Soundtrack #2	Revival
station	2	Revival Cactus Jack FM	Travis'in vizyonu, Don Toliver'ın melodisi. Revival'ın yeraltı frekansına hoş geldin.	1789651463894	9ad793617ab91a4f61b9cb17085ecd633c1c7c934619b0932e43ba8a8e9e0291
track	f72351e4a78fc36abdc258ad1cc01e80289ebfa61cc3f1c6992b113e26154a07	244800	GANG GANG	JACKBOYS
track	89c648751f46c5bd7c5dbdaca106207a8608932ca0b8dab2f11fbe117754aacd	251280	MY EYES	Travis Scott
track	87e701d9a716ed854261cdd6a2c833d5a13dc8d11c15a789ec7a769441aef4bd	217872	HOUSTONFORNICATION	Travis Scott
track	d1d462675c49cf2e182fe8b29a3a076e4b94c685809fc10b517e712d99f1780a	250176	WHAT TO DO？	Travis Scott & Don Toliver
track	9a777aa6b435586e6a0800f99786e855658d750ace3a143ab74f0e2887821e46	321600	Nightcrawler	Travis Scott , Chief Keef & Swae Lee
track	b03bb3efd61b404ccd69f0ea771974a66d5cb0cb0fdd0e1916f2c02b5ecee5da	246168	MELTDOWN	Travis Scott & Drake
track	2e79874c33e3edfe044278062d26493a19dee752d4add86b16dfe163e095b191	182352	KRYPTONITE	Don Toliver
track	1eb47da0cc3131b3ce1ae8e151dfeda7b8b8be3d092a01a9b8cfd14e2f870a39	243864	goosebumps	Travis Scott & Kendrick Lamar
track	7fd1389c1ccd503661665f0cb5a3bd499c16cece88e49a88f1b85a878aace5b4	181176	GATTI	Travis Scott & Pop Smoke
track	1a71a6c95b53b5d2957875f38c38cf84ddd10df488bc6eff38096d5de9c941dd	170544	KICK OUT	Travis Scott
track	4a23697ba0e0a073fcceff9802437d3a0572593399efa7324a65c6590d1a5167	127032	TORE UP	Don Toliver
track	d51a3f716018cb24275cda89248e17feff48b886035b8fb50ecdcea241354e81	157176	Had Enough (feat. Quavo & Offset)	Don Toliver , Quavo & Offset
track	286d1eddddcf0059f55397d69955ec71c9cc750bf6acf895749e91544b65e9d8	248088	Enzo	DJ Snake , Sheck Wes , Offset & 21 Savage
track	cde5f5b63458a85d4edd69c6b7ebe11e1e48c3ce8f55c16e473376a8ebe20ad7	218328	NO BYSTANDERS	Travis Scott
track	5aedede55da3548772c53073cff23b1feea5671ae405e382adafe0d33db9cd1d	270744	STARGAZING	Travis Scott
track	eaf105154c02cf428d2a6531c979925656f981ff6378b71bd923024f24558316	190584	BUTTERFLY EFFECT	Travis Scott
track	0b47175fbbc0f3622659c17db480861564404091ec866db8373fe7dfd304dbf1	349968	Maria I'm Drunk	Travis Scott , Justin Bieber &  Young Thug
track	2ff2968818a70fb9bafc490ad81ac2fc80bd3e3f1b82751469bcac170091fff5	309360	Stick	Sheck Wes & Dreamville
track	056d821914b8ecbe514f0a7d5250e3c6ca89a4e264fb7e6ede16558aab3d8730	155784	Body	Don Toliver
track	c415cd00b3f4476b050247c65dd4e3ef9148f6677f89bb45da188a37f1bfa912	262728	Antidote	Travis Scott
track	7d0092f4d396011f6bb6321d3e4872621171111dc73e219c49d919cd4e3b6489	184824	CHAMPAIN & VACAY	JACKBOYS
track	831132b8c64fe32a022f945b76d9ce4e1457a447d6eb86cc8fb922dcd6297fa4	157752	OUT WEST	Travis Scott & Young Thug
track	aa046978d50916043e7a91f821b8a7311bf3628bdbe50e5cab3a0b06b42346e9	223032	2000 EXCURSION	JACKBOYS
track	579e796962092dc041f7c77caf784473787d64f8978e19b9f7c65b2d4f217825	183552	Flocky Flocky (feat. Travis Scott)	Travis Scott & Don Toliver
track	e2aec8f7f948c569305d87698adfd209524b6361021d8d624865de5de7fbe400	211152	Excavator	Don Toliver
track	4460abf7477ab318c896d5587821ee2effe592fa28599d6dfa3ad5a71bdf26e6	235560	I Can Tell	Travis Scott
track	9cf304dc26bf793e0d6ec2a74749f0d7dcb525ef774f398a23c49ab6ef865add	183936	Mo Bamba	Sheck Wes
track	2ee1baccff423d3beb962cf197861141c80623dc94f8a51655572604e6bee9fb	176184	Never Catch Me	Travis Scott
track	1d7b6cdabd6e96a11c5870a7c1d8c1ae9447046f96adff73e103dc1a1b5cae22	461880	3500	Travis Scott , Future & 2 Chainz
station	3	Revival Greatest Soundtrack Hits FM	Menü ekranından yeşil sahalara uzanan efsanevi melodiler.	1789647164171	b82405ba2e743212970f9e585f52428aaa2cbc210b0772611a623331c1b18f62
track	d0b4242463d5bd51973538cb276ebd2602b94b198ac0e5278eeb3e6d51006af4	198840	Feet Don't Fail Me Now	Joy Crookes
track	c7488e2ca0f1456de246ac53f33c0d1e2c378b9af953adb315d3e154b8c7bfd6	201024	Send Them Off!	Bastille
track	1a38b13f99649ce19ee6aa6b14a57bbe11082a68ace35af79aa15a6f1124bd70	225744	16 Years	The Griswolds
track	a48dab3517760b7db212795466ba6bdcc32f821f43a68346aa81b9271890ca17	204576	Alive	Empire Of The Sun
track	103c89967289f98dd3ed7eb39d48c269d8d82f58bbdacc05adbadb6261d82b25	185136	Armistice	Pheonix
track	d4330094102217f09eb1d5e25d552400cff1b79acc6e5c5404a7a0661926f5b4	166464	Ai Se Eu Te Pego (Ao Vivo)	Michel Teló
track	aeea26359ce6d1cbc803bb515994e79ebf2ff657fb9f71c4c1b94415b49b119b	413904	The Rockafeller Skank	Fatboy Slim
track	0ae61ce9be3da9659165fb20dc57940765cc23b4bd1aebef4fcfa749984196be	200208	Rhinestone Eyes	Gorillaz
track	babc20fba5d17f942d70e89a671571f0ac6e9cf8e30507bdb4a1307c420f8fe1	230136	Celestica	Crystal Castles
track	acf33277c7163aba8900ca2f90e108419199ba41113afe96ed9d2d248c00aead	239928	Love Me Again	John Newman
track	aa4ba7f717097cfb7b893824d3c0eb689645f0ddb10bb96c27e6c08e7246f1b2	192312	On Top Of The World	Imagine Dragons
track	d536ffb5eb3bcf7f3142f8a0197f5740e8e01c0df2ed28d8ff4fb95dc8d77157	249288	Dreamers	Savoir Adore
track	33669b8887c50ae21903e6d2e78ff4f5cd6acc133434d4bdda1d6fd3b2a34c61	214176	Walk	Kwabs
track	56d23f17ba2eda9584d9b76b73b60fd302556c9f2cc6a442bae7b9dc23cd34e4	180984	you should see me in a crown	Billie Eilish
track	243f15a4cb86f9bc849bad59ef853dce4b0cbc8a71bf57037568ddb45c74df13	213072	Genius	Sia , Diplo & Labrinth
track	363c46d2e5bddee91ce782e312c33c9866e3dd20d979a704ca67188138e3c01f	302880	Kids	MGMT
track	832a64cc84148f6f45b28326902bacdc25832b001a4d0b18723cf5c13af48f72	234552	I Need Your Love	Calvin Harris & Ellie Goulding
track	f4aaeacbf787ef2d1186688edbd5f1929b1ec3236e56bbb0a5fdf1fd91bc1888	250320	Where Are Ü Now (with Justin Bieber)	Skrillex , Diplo & Justin Bieber
track	ffbaf326827a90d643dc990a28840968ef117e77d6880fbe8fcd51df5572e533	337584	Instant Crush (feat. Julian Casablancas)	Daft Punk
track	c5603b1940cf7a4966e75a8981270789a7174579295b15b10a3659d6982bbb11	267408	We Are The People	Empire Of The Sun
track	20870d72adfbbf18c072330cf230ad9bb48bf6699a68a6c6d73ad6bad9dd4348	247464	Wake Me Up	Avicii
track	b35525ae3bcdb84a9c5f56964e6b762969b0dc0bab24f989390045bbd2e1ff69	234720	Sweet Disposition	The Temper Trap
track	be8853b3a4d69a62e42035e666ef194e7397f983cea67b4961d48fbb3275159e	176688	The Nights	Avicii
track	6a0ae42f2ed0b62fc512501c46fb6767571dced055c94475d5ed3210cfca41d4	144024	Erase	Cautious Clay
track	403275ff1013bac0b2567b181b572923ae88149929bc8f905b0d7e82e9bd884f	204840	My Type	Saint Motel
track	83cbd7faa6bffdc124f58d466b1d24b6218e86b1e3946d3f4285bb97e1c6a957	190800	It's Not This	Bearson , Lemaitre & Josh Pan
track	79eca6e7aa553ed212f50ea077fdfb2cd132b396fe9dd58285a59ff61514535f	238848	Heat Waves	Glass Animals
track	dcf91de660eeba0fa1ef9253fd6d34fc4ead07051370d316e6e7fc6985ae547d	213000	Blame	Calvin Harris & John Newman
track	b227aa8e4df059d3fe52e13a552b712b6af89386fce0601f956d76466b0876bd	213744	Way down We Go	KALEO
track	8ff99f3d086f7b88f9fee46d9449357f011b46c483337afa83744a8e3465aa80	214176	Pompeii	Bastille
track	d0f108c5d8fec7f9dea7d3102492a3fa9277b0535c67408c558571aeddf2a228	181800	Busy Earnin'	Jungle
station	4	RevivalFest FM	Sadece Manifest.	1789652698303	e2005bd691300fc86dd70200a37b053b26fa0442491fb0482089898d225076cc
track	fd0f6de4a9e4204634e5c8e96d96772118b29a964516b11e9273d4411c6d1e45	169848	Zamansızdık	Manifest
track	d6a42d222001e08d1d38cee5fcc304e2cee27fbee8d00c5a6e95d3f3cf08a075	146544	KTS	Manifest
track	e9626111c8b64592a4bdd306c476c5c525e00293b83574357a9f0f63f50b457e	163848	Amatör	Manifest
track	e9dc5df6d44a062a8231e7b7e7875bfbf4b0e07ecb5b80b9a835feedb2997fc0	193200	Başrol Sensin (1. Yıl Özel)	Manifest
track	9307ba816663fbfa8b9673a81a0269d331ca719b0f00301476a66cfdedf36ca9	149736	Snap	Manifest
track	f4263c7fc2de39fd2124c6992b510bb15ceba19d4bd20f57da66a29fccf0382c	131544	Rampapapam (Arem Ozguc & Arman Aydin Remix)	Manifest
track	a3f20252a594bb4819af0a318718654f5e421d458bf13826d219b2289b94f30b	166464	Yaşanacaksa	Manifest
track	be1e9de7cfbe074000737be22a3b68cce7d993c50743ff696c8dbed5e4fcbd0a	198624	Daha İyi	Manifest
track	a63870ae41e1324e5218bb031c2426fb5272076ef41705689153404ea0d6df02	232248	Zehir (Motive Remix)	Manifest
track	02441c3c8932fb7ca4f734393d999fb9a3131a70362ee27ebf2bd8cd52112545	161040	Toz Pembe	Manifest
track	e4b01d09f0e2713d04518cafe1356fd0c4d30b766dcb45b22fe9570f81bb7178	202464	Hileli	Manifest
track	78f76f824838099208bb997c6d7e6ea3f43632578f8921a5ce31f8bd04a8fec4	171984	Hayır (AYDEED Remix)	Manifest
track	cf5f97ef19b02c09f725544f5d43a74c66544cd7e7b09a9f46662c39cccf1aeb	180792	Outro (Extended Version)	Manifest
track	ee7ef798cd990644e22f4f247e903fa2d9770020218933db254a5bbd11a62da8	133128	Arıyo	Manifest
track	c0bbd7deeb8d2d63f3f8f22ceb33e3c04e7bfb8e2b137e526b90040bf8a7655b	245712	pVg (Manifest Live Remix)	Manifest
track	562bbf02a9f79ab449b9f807fb12f23edc9046fc9ce486fd54c0af0d0745ff26	149856	Manifest	Manifest
track	d5a5e0a1d22db3ce8685fb983051e336789d75e58020b28cec66ff6f7fe833c3	195096	RÜYA	Manifest
station	5	Revival Yabancı Pop FM	2010'ların enerjisi, yeşil sahaların ritmi. Kesintisiz pop, sıfır mola.	1789645721420	7f2650413149eb1824112fa5d110ddb0d9c6cda1a6cb703b044e998158d281e7
track	d971a76b2c51bb267d73c4cf5f6459f8cd65ff4e4285dddba28d5a500d6cb9fc	223104	Say It Right	Nelly Furtado
track	9d89edfd43167185deccf0ce4a2e047149dfc13739dfbbffd56e8b6c0cb89c73	236040	Closer	Ne-Yo
track	ebc68cf92f65b5a383bf963cf1ac711af39673e1777ac17528863524ddd08232	242328	Promiscuous	Nelly Furtado, Timbaland
track	851499bff629336ccdc3f37e9a00b9e8f30d993d8bf85b66b839c9894c94821b	247104	Glamorous	Fergie, Ludacris
track	1660f9c71afa105cbae289a5013449c600142fc4fa20a8f268ed4d6a862b9f10	195888	Sexy Bitch (feat. Akon)	David Guetta, Akon
track	1c77c8ae579ae86ada63a9a469324ddd002e3ef300f07b0de8ce567aafa82b17	234600	Club Can't Handle Me (feat. David Guetta)	Flo Rida, David Guetta
track	8e0975f99a3780f91140ad048e95c71fa21f7b5461c292648d4e14ae40c23fe2	178584	Treasure	Bruno Mars
track	f953d27d2f90dc29d3373b674f3f18134a8b25a4f57cbda20716c3bffeadd1c3	267120	Don't Stop The Music	Rihanna
track	e0929ecacede7eec339872d9e24546edae2ae966c4e16c46cc691b6596b8ba1f	276024	Umbrella	Rihanna, JAŸ-Z
track	c70d4420c15ee1fef1034009321a371b707a53e9764d93f1ad880ba9e54ff1db	200160	1.000.000	Alexandra Stan, Carlprit
track	e662ae02e6c022ca165bbbec9b85e4d06eab31356cf82ec0ad2e7ec0c6aa620e	236232	Fireball	Pitbull, John Ryan
track	e467e3fa22a20746bac7cc59691f86a827f7290c1a3f3f07f30c111b9295c762	327000	My Humps	The Black Eyed Peas
track	273e65264d6ba996147fae7e8e68fbe264579155fe003776966e9997deaeb172	231240	Burn	Ellie Goulding
track	b8e777d7706f3064e9761525f784e030bd63abd84410ea493bf80917c4096cf7	199728	TiK ToK	Kesha
track	c8e06e18b6a24b5ad70213d1b92225a1b8c375c74e2ccb97fa0ce7623ebe81ca	179160	The Way I Are	Timbaland, Keri Hilson, D.O.E
track	3fe04da815e5562c2d98acaa1ca054c797e4a8a47eee0e9265323c9773b296c2	180504	Airplanes (feat. Hayley Williams of Paramore)	B.o.B, Hayley Williams of Paramore
track	b6f1a812069f0c0c6815e8c9fd1983fecff9241d9073544fcef06e509011ebe1	222192	This Is What You Came For	Calvin Harris, Rihanna
track	dde3094ba3961612a291c74ecf8b432a4c03f06238f7f5712029865938388c27	294600	Bad Romance	Lady Gaga
track	d07bca54009201e4135af49bbb3b2e823a923caf076af23993e71f58a4e1861c	307200	Lady (Hear Me Tonight)	Modjo
track	59e808a87faa9618e4922550f08d1ec9170e2689e27bb65b4489696378746cee	198840	Toxic	Britney Spears
track	627efa997940e5536b25b948c9dcea53eb69d5a3f569c6dec9f746c0765159d9	284904	On The Floor	Jennifer Lopez, Pitbull
track	562924de6d1a5c7b803bbf33ff1a27fd83e5c94f7aa2835dfaafbd5da1350863	220824	DJ Got Us Fallin' In Love	Usher, Pitbull
track	b3ca23ce5503be0a1d0157c9d51cec75a08f1d5ef245879049f4067205cc43a6	337776	Hung Up	Madonna
track	54b702e901627cd06ec8ad3a5bc91b726e40ea8945fd019a94da25e1883ff920	244944	Hangover	Taio Cruz, Flo Rida
track	13a5ef47107ebce1921b7d87ab5ecdd0ddc78c827a57467edacd6f1c8b44846b	283440	Scream & Shout	will.i.am, Britney Spears
track	aa648817bc39e6f35c5f7d9ac62f25ffbf69b41309203987a57559a442ee982a	169944	APT	ROSÉ, Bruno Mars
track	cddc2ee20bc45fc890b4cacb63b3a24c9564a022a62758844257e5be60c34b74	283776	Blue (Da Ba Dee) (DJ Ponte Ice Pop Radio)	Eiffel 65
track	82b6c90eec82b090d6031f7fa3b97ef85492712fdb9abdc6803417914e48ff93	202656	Dynamite	Taio Cruz
track	ccf1391b593f1b51585765d0d59e83b9d8fa41ee69bb2dadfea87da3653aae9b	230664	Can't Get You out of My Head	Kylie Minogue
track	696125a27e8a28546433e630f2aa8a8058a07792d1e735e8429ea94db66707af	203688	Dangerous (feat. Sam Martin)	David Guetta, Sam Martin
track	63bb90752fa06a88d2e365824271f781ded7b0aa25deb4ce675446de2a79fa0f	216360	Temperature	Sean Paul
track	2a5a69e1a01a5be33f76225401ba4cc2abeeecd89309700efb6571007cd98ee9	147504	Addicted to You	Shakira
track	bcd8fb8cce5fd1e57ca44220348205d31b763aa98c5f7ebd4e14281fc208f788	188496	Love You Like A Love Song	Selena Gomez & The Scene
track	71964f4ba6282c22d1516329d3ba90f08cf37cab350c758b0d11a20f361fd0b4	211704	Get Busy	Sean Paul
track	66cc8d096344ade6c39e1a691c2b7967dc0458c93e012d3eca227c0087c4dc86	232176	Papaoutai	Stromae
track	7386030684a98030afa5322d11d7a4980ae4a74da3ae7733bec277e2f3937f1e	231432	Low (feat. T-Pain)	Flo Rida, T-Pain
track	87587876c2aaf16df323d825abf4639b796a20749c797a38a030584dec1db50a	248448	Get Lucky (Radio Edit - feat. Pharrell Williams and Nile Rodgers)	Daft Punk, Pharrell Williams, Nile Rodgers
track	c415007d8ae28764f0537e62814c3ace5f084582e6df38e1dbefd6c06510a794	220272	Hot N Cold	Katy Perry
track	87d892f60ff7450ae46fef35826587ad09b215f9bb1441ab85e3d1174d5dead1	242928	S & M	Rihanna
track	6d4a566a2812ab2a927d59321d10a45cfdcd73b663526748ee852d6302c011f1	231864	Blank Space	Taylor Swift
track	d2cd7b6b0c8c24c6b239179aa30a00ec5079323aad42f6a72e54017312ad29b7	204192	Timber	Pitbull, Kesha
track	9790a46dd9f430c9c3e9a945fb4a751da9f0a1f542e1e7d80d73fbbff60a00d6	218376	Like A G6	Far East Movement, The Cataracs, DEV
track	cab2233c8bd6bf542555c30508cb99b2e3c8e3059d6ea929a590f2d1c6450576	218736	Beggin (Original Version)	Madcon, Bob Gaudio, Peggy Farina
track	b408884d52c7ce283d20814df1f219f404f65980943404cca3f1e3da5e0e3fa4	242760	SexyBack	Justin Timberlake, Timbaland
track	90d99d69ddda853224f25c03fc140d664ed2ead7376ea764aa70d269e5c7874a	231864	Domino	Jessie J
track	fc3d0454c9b7024d488c637b7693f7bea9338281bf6e0d6e52bd6d5912b1b43a	213096	Pump It	The Black Eyed Peas
track	de91dc8d94aca712010fab83de2bbacd7d4c25521e922f017867a7ec88285442	237240	Poker Face	Lady Gaga
track	346bda113d0c6c095f3ab1e3f2412f762fe7e7f9e680c7f9d8c1c07808baa683	204672	Right Round	Flo Rida, Kesha
track	0a741856e381d30c6691d9cebd11657f4f43bd045d88937125e8d2bbe8c144fe	226008	24K Magic	Bruno Mars
track	27e2331ed7c50e2f12a84f39d43881c6cb8e09b204d9fce2b6934e110433e862	209520	Training Season	Dua Lipa
track	9057ee276af026675c1c94eadf6030b6222dc398b423d253daec2cb4ed55f696	199416	Bang Bang	Jessie J, Ariana Grande, Nicki Minaj
track	f431f97a20d0b884858ddb0f31221d7a47fc05be43e841748639c371e05b0b91	268872	Rock That Body	The Black Eyed Peas
track	4c8d7b5b79d1b4850e8adb8cb04f8a093e79ede1db95fa5ed16fe95d96e95009	217776	Let's Get It Started (Spike Mix)	The Black Eyed Peas
track	5b3a94838cd10e2e44b62ffdf88a4f4191d8db48451473a416c72797f06936f6	220392	Hips Don't Lie	Shakira, Wyclef Jean
track	b74a41c91a70d1bab78188459e220e6280a61cd4d4724a15e50aa498ecc270ca	223152	Destination Calabria (feat. Crystal Waters) [Radio Edit]	Alex Gaudino, Crystal Waters
track	6f4e580e7a675b99d8f43a59e97e36fec4bf83af73843b5ba46cfb6fb4f94ad6	201264	Caliente	INNA
track	b92f6f3ffd40a47709e6e0be4758d7157c00ce16adcdbc6c50e4877bb063c654	311904	Stronger	Kanye West
track	3c67a6015418ed2cf6e174341aad7d84c8ce45b9c60696dfdb683ca4fb6d1af0	177720	Talk Dirty (feat. 2 Chainz)	Jason Derulo, 2 Chainz
track	ed4e70683fae8f6dc6631bca4e85bb7c3023f238f6524e0dfa1fdf0b47e6db0f	219504	One More Night	Maroon 5
track	c394190a37339373ef1b4e7155a636053d6444b4193f1202c585cf3d5831b8c6	223992	Sun Is Up (Play & Win Radio Version)	INNA
track	db45f16532747b15c6dca465decfe9a471f2f434fcc6ec5837686becdf2160b8	227832	She Doesn't Mind	Sean Paul
track	20424490275524b14ab020416bae25db65800dafe019c301aee23917e36dd6c6	224760	Bumpy Ride	Mohombi
track	4a7152fc42ac5abeb5a97dabb4dd01683e2c2c225cd27192829884f3e9bb7276	232992	Wild Ones (feat. Sia)	Flo Rida, Sia
track	12cc303a8f11d3db29c61630235c69b483743b6c806bcb7e6d55b80eefd93275	206112	Alors on danse (Radio Edit)	Stromae
track	78b9065427ef1240c52bd95a6da104636b46d05b482b6d1b2c9451a48bdd5a86	250416	Yeah!	Usher, Lil Jon, Ludacris
station	6	Revival Trap FM	Karanlık trap, soğukkanlı goller. Revival'ın en ağır frekansındasın.	1789651052906	a6423057f0dc80372876b13ad825a1fa357e2b557f59c5a9c352c28e45fe92d9
track	53be59d8b43372f48e44f8866ac37dcc8f9c3446238ee04900c3e40e2e11b301	217896	Costa Rica	Dreamville, Bas, JID, Guapdad 4000, Reese LAFLARE, Jace, Mez, Smokepurpp, Buddy, Ski Mask The Slump God
track	e1027139baa267dbc5b53c5aeb800d7e5bd1467ba691a31f7a5154e3aaf47610	205800	Sum 2 Prove	Lil Baby
track	5def00b619407db84ae778620c5b6d9ba8befe169bd89e2005c06116d31b4c00	194760	Never Recover	Lil Baby, Gunna, Drake
track	fca0979b344b543b19f2b89a58ca3c34d9ef7520300d35ca2e76c497d046f0f2	162096	Freestyle	Lil Baby
track	9636cb2e821dfb9f86e4b40928ae231a45d603321a2cb1e06b363c3dc65ca40c	151584	Who You Foolin	Gunna
track	d1b322ed59cc600803226eb05ce64134fa4d13673bf0762e7f750e924c44d51e	138480	too easy	Gunna, Future
track	54abd3fde1d84156f851caf25a922c0a60af07c815d67f0962f5df81d07b50a8	252288	pick up the phone	Young Thug, Travis Scott, Quavo
track	710918801ed3a07285248d5b5e9192ed9014cc88f8098b6606387dcbb6c3b256	252288	family ties	Baby Keem, Kendrick Lamar
track	617b5c5baaaa28b0c08373e097581b16ac44acf6c7480a43e3c3ce8f84d2e573	148032	Nightmare	Offset, Metro Boomin
track	61d6a04623fa7fd24a50d3e1a688cd8121c04fe0b8527950d4961058b7402ced	224496	durag activity	Baby Keem, Travis Scott
track	7483f53e26a4adb1fc77c31c204be9e646201bc11b8f1ad16a5cecab18ca5491	295512	Top Down On Da NAWF	Migos
track	dc63140d4f3785804256ff8d79f547dfc1c208177b37e2f5fff03f9bb853cff7	120000	MUTT	NAV, Quavo
track	66a6dfe8d9740ca844952866683a2f4c1af872c60028cb101113f873ede46b3a	208320	10 Freaky Girls	Metro Boomin, 21 Savage
track	5c8092739bd2f82bdaad6d4a855b40686946cba3c4d30338e94ccdb35148ed29	168384	Don't Come Out The House	Metro Boomin, 21 Savage
track	a6de75a90f87c978bd4e59fd58ee8a35ee618c7bedc06a516af89dfdff11c403	173424	Dior	Moneybagg Yo, Gunna
track	7ef16252c8cdd448172aefa4cd24da662c0573a39088022cac916dd4083f0968	209184	Met Gala (feat. Offset)	Gucci Mane, Offset
track	5c3e55249bf98e4d9847fd940b2cdb168bfee44b802d9fc0133e6f5fb25cb008	265152	No More	Metro Boomin, Travis Scott, Kodak Black, 21 Savage
track	9772732ff90ecba3dc188fec7b0ef2d6827fbc3609cd21da0e9d6f96a87b7269	208296	100 Shooters	Future, Meek Mill, Doe Boy
track	de2742afd0083c866f54490f60bf507b6ec3001bfc67141af0d6b9d7a196b87f	251904	BBO (Bad Bitches Only)	Migos, 21 Savage
track	4a45c79e2727a56c0260aa322138257983ad14370f7fc9819ef82c07ac2ce3b5	126216	Drip or Drown	Gunna
track	74128394e6c4dde3d07aa1d8d7e1dc421aff2c6a493c91a338cd04aa3b329f92	175920	Russian Roulette	Lil Baby
track	7bed176e169aa04959958f22ccf587e7ea98ac18476031a5a172e3c02cdcdb52	154056	Pure Cocaine	Lil Baby
track	79480ec08f5324c3b4966ef4ef270fff191a526aa71e9723dd6ea8863a5a2488	169944	TOP FLOOR (feat. Travis Scott)	Gunna, Travis Scott
track	2fffc68dadf720fe336aefd304375c72662f9ba5d9f290d8cce0d578ec615931	149640	ESCAPE PLAN	Travis Scott
track	af5342af0b15c5fd06e9bd5fe4b3cc051c034c948d7476f03b2145da99e33b7b	195720	Need It	Migos, YoungBoy Never Broke Again
track	ef5f5953f424ca4260cfc75bf395b2a2e35a4e391abc3adffaafbdf32a175f64	247080	Life Goes On	Lil Baby, Gunna, Lil Uzi Vert
track	e95637f957751dfcc2d1b3f2891b169151caf81907b2194d0222d9bc600f5a79	123696	Shiest Talk	Lil Baby, Pooh Shiesty
track	6e3c8ebb1118977524e19f966e7edf47054baaa3e510aff183da90eee07bd1e7	161952	Jump Out the Face (feat. Future)	Meek Mill, Future
track	3788b874a2922d695ce46adf5ed6293632aeeb525964d9baf9a7149f425a9ca7	258456	Mask Off (Remix)	Future, Kendrick Lamar
track	06625b2ad6d1b82136b3b9f184f7b6c5f87b3a088dbc14a4fd636e9d761b9e9f	213312	Ready	Lil Baby, Gunna
track	45600223efd4d4b5715c33f75a179db46cca1ddaf6b843a13dc796303d459384	185832	Never Sleep	NAV, Lil Baby, Travis Scott
track	0404361327516160f1e14a6716d99e915149793499a3408da8048badc18cee57	192984	Wants and Needs	Drake, Lil Baby
track	5fe63c07d29b36afe7fb00d4ee357ee40a75894d96bd7f99a135c0d3ec60a436	172824	Ric Flair Drip	Offset, Metro Boomin
track	0967dde144152dab30b75ec85ebb3be803782ce1ed8a1193bde08be8eae3dcbb	265512	No Complaints (Bonus)	Metro Boomin, Offset, Drake
track	45ab07ddc7724bca61ae8c4c6954faa2fc78b51b2afd7723f0242625e8bd9479	216024	Us vs. Them	Quavo, Takeoff, Gucci Mane
track	5b77a68dfcdcb8766e25c44d2929d00c2fbff1d809b6ce2b0f662d730e7e2741	221568	Hold That Heat	Southside, Future, Travis Scott
track	6b9965adb3189756b2b579aff680b2d972cd6df06387fe38e69bdf2f4c82c184	180480	Ballin’	Mustard, Roddy Ricch
track	75d40532df67daee602850e2a4870c14aff19882071bd85c6899db5f69316f4f	236568	EVERY CHANCE I GET	DJ Khaled, Lil Baby, Lil Durk
track	9960defe197a994328abb2f62e3495a5776b397e46a928e90f5f178644c6ba81	190704	Eye 2 Eye	HUNCHO JACK, Travis Scott, Quavo, Takeoff
track	39b49580ad644ef5d822e288cadfbb77ab0a6268616d87da1dad23f996b40941	162312	Business Is Business	Lil Baby, Gunna
track	b5f0927f2ae0eeb3f2f5d3a2a8a129070f8987dbc0a19fd939ddd24b790a1ada	151776	Highly Recommended	Gucci Mane
track	4ef21e596edcb85f13cde2de88f55fefbd6c2f54b3adb5c4ab19aa9b6032c246	182904	24	Money Man, Lil Baby
track	8683aa3505c9b4dc4e92017a8e70ec23d71c5790122be4be7de76d3189e7f661	142704	HOTEL LOBBY (Unc & Phew)	Quavo, Takeoff
track	dd2cc65925e7e58905884304fa7ff9c404de9247a716ac27f675a498c91b3c0a	179736	From Now On	Lil Baby, Future
track	ebb787eaa8fd6a1b01d18eb87267bf59b10ce44a7607bc2a2a0b5fc7b16f38c6	257472	Hats Off	Lil Baby, Lil Durk, Travis Scott
track	de18658400c48e632a66ee9e3430acf1382a6349b6c127961c43d5c96abffa7d	205704	Solitaires	Future, Travis Scott
track	d4b0aa40132f4dceb963e39f2fd70b67d051ea05a7f343017dd5726cd4c2cba3	161256	Perfect Timing	Lil Baby
track	52248e09def863b8dcb98f2f953e1f6a00ac2503d52e4393d579707c45610ab4	257640	Way 2 Sexy	Drake, Future, Young Thug
track	ccf1b75939033e64573f51504f1252c2ec66bb27dc6ba55875dad3d1dc284fa0	213552	Drankin N Smokin	Future, Lil Uzi Vert
track	69d7aac828270093cb2dcb70d15569781e63d3fe01ef1f797986803db605de93	190320	Stir Fry	Migos
track	e168dab823e8bb83bb09736beb2590e3511438e31263d7065fc7cb65ed8196f6	190920	I Serve the Base	Future
track	225066590eb476c041b3af684dcb197dab508171202207037d913d53027201a3	218472	Ramen & OJ	Joyner Lucas, Lil Baby
track	8d3f7ea2f6ab1a345cae16e66a6c8b0633acd104487107aae3e65330b4f9375b	240024	MAFIA	Travis Scott
track	c18f0c2207c8307199e1e167183513c65efc3de739ec61d4766dfc8d051221a7	268968	Ghostface Killers	21 Savage, Offset, Metro Boomin, Travis Scott
track	4002bb8925e5ee5f5e4a6f28c9501a8cf922199cf913bf4fb13d306de42a8d4b	232080	Run It Up	Lil Tjay, Offset, Moneybagg Yo
track	4a28892390d6975283f4e58429c2f5173c47fdba6a09dfe60754c0c4a4aca7e6	197784	DOLLAZ ON MY HEAD (feat. Young Thug)	Gunna, Young Thug
track	2b252b14822206ca651fa37db63a18d6523a9403f631dcb68a2dd595665ebb98	166416	Sold Out Dates (feat. Lil Baby)	Gunna, Lil Baby
track	7f835925e29563a24af1777f9e608a6f27bee486e0f0de056da1a1bd8ae1b733	145584	Drip Too Hard	Lil Baby, Gunna
track	31b25f5ebb60321d9584b81c3fef0ad6f298d7ef039e081fa354a394edbca1cb	160824	Never Hating	Lil Baby, Young Thug
track	fe008572362b6f033b04dd4d8b95661fa27bcba4106ebfed57a32a1065d482e7	208056	Where Ya At	Future, Drake
track	f83a3819929e1fd255d2d87db61bdf6793a87540029b5bda3d7c13a9574ea787	242640	Diamonds Dancing (feat. Travis Scott)	Young Stoner Life, Young Thug, Gunna, Travis Scott
track	48c7eadea89a8d4e23fa31e956d56ec21a22c30ae905a93ce45c8d0eb28ed87a	169560	3 Headed Goat	Lil Durk, Lil Baby, Polo G
track	054e207b58f7c743536c68ee2ad71e88f3e5412e57ca38206c85d3cb52cb4dc3	303120	MotorSport	Migos, Nicki Minaj, Cardi B
track	a2fb35861662271144730866a4752061b92da8d8607aae41a53ca5c5724984b0	154704	BLINDFOLD (feat. Lil Baby)	Gunna, Lil Baby
track	45829ded9d15b294a66b2c5399677cd95d1d4d5773a9dd45e917a28dd0df266d	187512	Off White VLONE	Lil Baby, Gunna, Lil Durk, NAV
track	e0d6fa647a2b8a5228e5e7df43dd86149a0b4c689223f6847e53b747ebd90714	258912	X Bitch (feat. Future)	21 Savage, Metro Boomin, Future
track	b029c685506604c394a50ad3e87336161279ef8aa8d2df54f49ea4c6dbcc01a1	96048	ON THE RIVER	Offset
track	9e2e550c52fd059505f8ab971f947de754b12cf069cb3635ed277b88251a2c69	228408	First Off	Future, Travis Scott
track	19c70e9ac00d3918396b052b452b1fdaf4f225096fb363c4339d8ac4b170450f	230856	Slide	Calvin Harris, Frank Ocean, Migos
track	881255b83c7ced2edfcc5a1810321e10229bbb21246e2baee3159a2b7049bf1f	257640	Rap Saved Me	21 Savage, Offset, Metro Boomin, Quavo
track	de2a5b8290b071b079aec5cf59e97b9e9fb5d9e701e5047f144f24dac97a525b	222984	Realist In It	Lil Baby, Gucci Mane, Offset
track	7db9a063b294d5a2c1e1dc4909626d361d5705f49ea598a274d5d58b7f6a2bed	201744	Chanel (Go Get It) (feat. Gunna & Lil Baby)	Young Thug, Young Stoner Life, Gunna, Lil Baby
track	9c46ca35df25d4cdacad989a150aa3586184526e0b91863aea7203581ce8beb5	215736	Solid (feat. Drake)	Young Stoner Life, Young Thug, Gunna, Drake
track	6ab5d901fe3dc34b156c6a9ccdfe48d47add3191a445623d78165d710cffdb5b	161088	Sharing Locations (feat. Lil Baby & Lil Durk)	Meek Mill, Lil Durk, Lil Baby
track	2c53a5fd8020cd9868eec9ced8212d3fd2353786af809dd2ee7b7b4dbd004553	304080	Slippery	Migos, Gucci Mane
station	7	Revival New School Türkçe FM	Rakip defansı darmaduman eden flow'lar. Sahanın patronu benim diyenlere.	1789650654863	20bc6b3c5e465f30216328e009bcbbc0cc3d19dc064e798ef0c341f01e5015e0
track	411bd31c99932b238acbaec539632933c1b417c5eccb63580179f4e56ff165c4	180960	YIN YANG	Motive
track	e76b6bfebf782830794db2e71b46935b419ccdf8ca683bdf893790de00c9ca36	168816	Güldüğün Gün	Wegh
track	992caef49dd0bca80cf418b2db31550ae50f80fc77bb32154b122e25824b963f	257952	Yarasalar	Ati242
track	e6d09b4121761d9e1f0417737038f096900222a5a4230c19bb9595f55b02ee5c	173928	Kabul Olmaz Bizim Gibiler	Vio, Şehinşah, Aşkın Mert Salcıoğlu, Ufuk Yıkılmaz, Aşkın Mert Salcıoğlu, Ufuk Yıkılmaz, Uğur Öztürk, Uğur Öztürk
track	39b70bb4e9676d74bd8b57b53709e576edecc28bc2203dd1fc47e0beb0b85949	153624	ketojenik	EGE!, Lil Zey
track	fc3f4f41a6c497d27bdbce974bd99ed0653d38e57e8e4fe7c7dc2f4964d6b7c7	126024	Yanlışlarla Karşılaştım	Wegh, Keskin
track	66bf3d640e14c437d802dd8202b2edeb360e4d36e45803e6182d5a57150ebce5	214872	YAN YANA	Uğur Öztürk, Motive, Jefe
track	f4020260ebba184fbc1dd8ddcff2a2fbb65f6d21806617d94236899c6cc0bceb	153768	Murabba	Wegh, Arif Efe Çilli
track	9ddcac72fd8b9cda239cbdc5d22528b2d9d9243172e2038800f61bce620d4fc2	183168	Günah	Aksan
track	ac601fe70657921ca24a1328abbef3287fc24e3df82ac68a241f8607da923952	147024	16-24	Wegh
track	62d0b777388b8f5792470e44d3aee79eb80a88bff037b255c0d49279d1b3b96e	66240	KARAYEL	Baneva
track	14ace3c06ff09ebcbffb2e3528807708b356efb98b9e580c05102a41f5a1dbf1	243816	pVg	Motive, Motive, Tolga Serbes, Deniz Halit Gören, Tolga Serbes
track	9f39fc3a1b27695b473418e0f05870d085ce4a31f9d2ff424281a6773580a6ab	178656	TOTEM	Motive, GOKO!, Tolga Serbes
track	26526b30d5dd493bb2f060a189a6d47fbff67240e16f583963326cea79e5293f	179760	Shoote Shoote	Ati242
track	29ae3271cb55bbae4823caad3ce97c432826cfd1d70031a22c71f1bfcee3469d	207240	karambol	Murda, Motive
track	3f9783137ab5f406d60e0b8dd7812d5555b54a3623b7606fe8889ef433fb2a7d	284928	Koli	Şam, D3, Abugat, Orchi, GRi, Se7en of 34, 2run
track	9963750da6eb1b4121c13e0408c67dcfef52ab841be03b8648cbf60d00f08e89	137184	YA EGE!	EGE!, Ege Karataşlı, Soni, Alp Mutlu
track	941f8c29f491c73bbb8cb4100025ad10f02f7fee16b07dd3abdb4b62d72bc4eb	191208	Kaptan	Ati242
track	121b559aae00fd43e03a807cd6179bb378023f3b32c66db770a6e8e276a89158	90624	TAK TAK TAK	Lvbel C5, AKDO
track	8f238270b81a1fbcb75cae5a3dac0291cfcd0ceb329a93a82439e0c7685a2ed7	157992	YAPAR MISIN	Poizi, Murat Boz, Barış Anaç
track	8d216baeafe6ab9a4c83ffc45fe9253a7080ba26a914624ad1049088d104725f	119208	#işbirliği	Yung Ouzo, Yağız Ünlüer
track	cb64a32ee8112682f768e6fceb5345a92ee8a23287f9118252f5848c8c444a41	210024	YÜZÜK	Baneva
track	309d093d3e4f27db9b4eb88b11ab8931f4ec2d058b3d2878178e7f3dc58558d0	147408	Aşk Her Şeyi Affeder Mi	Şam, Akça, Barlas Erinç, Şamil Oymak
track	1baf779c777744d257c2d6360c0cdc8c5154389be08a9e4b19755ca6479a398b	173232	Motivasyon	Ben Fero
track	16cb390b102d4fa23a09cd0ff03f5cfc13e32e8b477fb25b3b09e0e66c90a8bf	47352	H (CHORBA)	Motive, Jefe
track	296f7592a61a8bc5fac9d9ff3a36a84a23799885d22fa8a6ce4c4b00061b3149	203976	6.4 MM	UZI, Da Poet
track	ca789a3b9a0310336cec5eb5c6aa17f303637a3fad1d785e8bc102255f4dd668	175176	Şarkılar Sokaklara Ait	UZI, Motive
track	fc9b483117d7d856352f5eb1091afe2c0e7346d796796589996d08d009d4904b	166872	Yüce Aşk	Motive, Tolga Serbes, Uğur Öztürk, Tolga Serbes, Uğur Öztürk, Uğur Öztürk
track	a6a14fc69fa74bd99b0dccfe2a5aff5c6909fd5c5becb7d6dd5ab3c2e1c0cb7f	116160	ON NUMARA	Yung Ouzo, Yung Ouzo, Yağız Ünlüer, Yung Ouzo
track	95d411f8a79c402b3f16449eb3991922d300ea703663e090d5f2d7b0008ec9e4	87072	B (CHORBA)	Motive, Jefe
track	4092dc6835e44db8cb87b22839ea938fbe1cc39f799766de4e8d4d8b68387f4a	147720	en baba rüzgarda yanar ateş (GODBLESS)	Yung Ouzo, Tanerman, Yağız Ünlüer, Taner Yıldırım
track	f0466449157990fe2b1c522811f0da88c91c913123b386a83a08bf18378b468f	186744	Trap House	UZI, Motive
track	1b27e90d671b2fb61b0d2cfaa74ea987bce38a39d25a9afed89ebf63f34b49be	147840	X10	Baneva
track	37429bfa0fbd29ae68a09b12f47e60f8f8c61431c49bf8e50e04c1e741acc736	126024	Makossa	Şam， Dila Bahar, Şam, Dila Bahar, Şamil Oymak, Şamil Oymak, Oly
track	0ca84cd5fecfd7d0bdc04ed2e8016b9dce83c4c1a40de5bc5760aca6cb001d1f	117552	ŞEYTAN GİYER PRADA	13 Killoki, Murat Kafkas
track	176d962c0efecb5f56b4dff7f9922b7af3697e304091a5f8cd0b04107d310109	137304	ROMANTİK	Motive, Tolga Serbes, Deniz Halit Gören
track	d5a1e385f1cfd5898c33075e3bcf4ebf4889230f97cf262716053ddbf921e548	165072	harbiden şekermiş	Trustyxld, Kameloxld
track	a68271193a0d8d40a76f1391ea62e3f5256fe5dda72e94038e3ca223ebc2e957	155640	Mortal Kombat	UZI, Motive, Jeyjey
track	fa647457b1a776b118df99d24500fe531c5888e79af9e971a3b4914ebb73a537	185496	Umrumda Değil	UZI
track	f8c308764e6bacb345404c21aabf48fd89734efa04907a6b566c267d9632d233	132288	TEMPO	Lvbel C5, AKDO
track	841ff727b9d56774940f1f3b8d3222d6adc02c94192a17e68233f0a33d0f9c82	180408	Uzan Gibi	EGE!, Ege Karataşlı
track	705254ee3aea6fa2fc742a6fa69431ff7ee7c89c864ba18d68f5dab211e6e725	181392	Italy Forma	Ati242
track	b48f158ff4f50ed4003ff76ba43dd8ae60046a3221a415635ae8646b2f0050c7	213960	ROCKSTAR	M Lisa， Motive, M Lisa, Motive, Tolga Serbes， Zeynep Melis Gülen, Tolga Serbes， Zeynep Melis Gülen
track	fa9bf31fa218a3aa0549894fd8bd9b2e9e0574505593dc7ac4c5d7eb7677edc9	146280	Gülşen	Ati242
track	a9ac7dc67eec6fd15193fb6410f0081d358dfdfea459c99967115ea2719aae2c	135504	HANIMEFENDİ	Motive, Deniz Halit Gören, Tolga Serbes
track	d0edd25f4ff5f272e013d437576bc5b12ce25668c6e1b54edaf271b265d9bcc7	150336	KOZMOPOLİTAN AŞK KAÇ BEDEN GİYER	UGUR INC
track	c979ceec3ea250a8fba11030232520631a03a8b42c19ecf0166fc5bd5511de96	169440	dolu sigarayı ters tut	EGE!, EGE!, Ege Karataşlı, Ege Karataşlı
track	e27846f0295f5178febc3eec40e842a34d9e74c345d9973ef8a4685316b789a5	121344	Kendine İyi Bak	Laçin, Laçin, Şamil Oymak, Şamil Oymak
track	5c1b40151145b095515c8ba62d1b480ee7d8549d0e310998338ab51140016799	150696	SOKAKLAR VE ŞATOLAR	EGE!, Segah, Kleo, Ege Karataşlı
track	660d1f8e086a9d02f7cc15c8f35a3681a7a7ffee24b1c6f159a7810ebab47292	164040	PAPARAZZI	UZI
track	fd40d4d62c7b8e1840ff2485f794dc7c7bb3aa74a2c5381ef993aee0f958ba32	92136	COOOK PARDON	Lvbel C5, AKDO
track	533bc8dc484282c16d06c5eed605036cef8c1a6941913087c3fd9beaeb3b9a98	180672	B!	Baneva
track	47a0343d3a2e717552609acd445f394c62cffd82b4bc3cd7ac511836da209148	167928	Maybach	Ati242
track	d312a5fa75b68385e692340b6a8349d92056a750c49b964618d1299e89c289d4	118512	ASLAN YAKIŞMAZ KAFESTE	Keskin
station	8	Revival Efkar FM	90. dakikada yenilen o haksız golün frekansı...	1790433375471	97821d663e3cf349749fa60f3d5851ac2353bf48a5b7087a9b1a06b38ef5ab75
track	1dba8467ad005c38b72c2b3628731255d5c5402463cdc8e4ab0d94b40fd7a4a1	311808	Dokunma	Orhan Gencebay
track	a352a2c973c2e71dd7b413ed633d8892c14bc7d032b9df0a2343d8162bee8737	254616	Vazgeçtim	Müslüm Gürses
track	a8996a5046e74325100acfeedf2bd4436862a9b9d6ba6e28e6a0a4de784d49ed	361704	Bana Sor	Ferdi Tayfur
track	460327bc840cd5ca4f716fb174276e1ac4519c9d703c21de12bbd5a38ac27f55	227880	İhtimal	Linet
track	15fda850cd38544fba4a870ac93b3566877184220b5df04923c51724a7259fd5	255744	Bir Tanrıyı Bir de Beni Unutma (Lp Mastered)	Bülent Ersoy
track	d8b3ba265c553d4053ed24251646d194780105d2e91eaad2797f72540e44ccb1	257952	Ecel Olsun	Kibariye
track	61db5177602ef0f4ad5ce663e4ed4a667ed8852ab206f5c6195c21bf4ee34a4a	359328	Gidemem (Akustik & Canlı)	Kibariye
track	c22091451bf4e472c2d358e1400546141cf1b3d6c2c43b1d8f630f0e4bb1807a	241032	Âşık	Ebru Gündeş
track	ee7cbc934cf8119bc8c69f80b3afa560f9015d319c49179a69332c46e153aaa2	267456	Söyleyin	Ebru Gündeş, Ebru Gündeş, Ersay Üner, Ersay Üner, Sezgin Gezgin, Ceyhun Çelikten
track	780f2ea9b2285576102dfa26a2224f38c93088f48f3149ea436e79581b3397a4	280372	Sabahçı Kahvesi	Ferdi Tayfur
track	032b0ce6f80f4c5601514fc47f0f9da158fb7d2fe337c07c9e91aded112c0b21	243192	Gündüzüm Seninle	Ferdi Özbeğen, Ferdi Özbeğen, Suat Sayın, Suat Sayın
track	95eff4802dbb72228e7d42672f17e8aa5100ad82fe79dde2e1ca8cb17672a32a	201312	Oyuncak Gibi	Güllü, Güllü, Fethi Demir, Kenan Mete, İskender Şencemal
track	616478da8ad24f59312890c14c79a8b3f6a470e42aa1fae6f61db13a17b94864	224640	Sensiz Yaşamaya Alışacağım	Ferdi Özbeğen, Ferdi Özbeğen, DR, DR, DR
track	e598d5568b6c4f8e7f74e9783234c558bdc1da676bcabbba6aef8e3e9088502e	404808	Ödüm Kopuyor	Güllü, Güllü, İlham Behlül Pektaş, Selami Şahin, İskender Şencemal
track	b2c87c5f3100ccab2689c35b46d583375caed6a2e6f186144e1f3cc68fe0d5c5	274680	Seni Yazdım	Müslüm Gürses
track	eb9c3837ed92ba4cc417993f9e1cde256a4b98015ba4f64f59f998bf9619a07b	270648	Beyaz	Ebru Gündeş, Ebru Gündeş, Şebnem Sungur, Gökhan Tepe, Taşkın Sabah
track	9403d5aeaf8ed19a07f515b5ffea91817359e1b709eeb9c11534a396d32f360e	406800	Yıllar Utansın	Müslüm Gürses
track	53b454164393b71366ae65873d871487beced003aedab5d576701665d3790181	267720	Tutamıyorum Zamanı	Müslüm Gürses
track	87d7b8c1a5ca9634ea19ba1358deed8dc670d18b01a4d412ebe58fcc7df97b7a	213696	Dayan Yüreğim	Yıldız Tilbe
track	dd48d68804d8cc7ac7b333f94932fedcade3d612a3a94848b46890c6e5dc21bd	259128	Geri Dön	Sezen Aksu
track	349ab05595c0a8c054e92d3315eab3c5a4adadfa6babb2e509c92e373536cc30	231240	Kopamam Senden	Güllü, Güllü, Şakir Askan, Kemal Taşçeşme, İskender Şencemal
track	bbcef9e987aff69cce419d657b6b13c59730273f0bbd1a8d62585a7612d6a982	263640	Yalan	İbrahim Tatlıses
track	588ceb2fdfd4ff1723453c6e8cc705ef60f256b6f0663306f85931e81e1ad946	236616	Ağlıyorsam Yaşıyorum	Gülden Karaböcek
track	53d48a38b5eff923442328f2e6a4dca155ce0d137f250696bbf8a7dde241d31a	271200	Çat Kapı	Yıldız Tilbe
track	a0e67ac58f6e41aa442b45877f2a691f6d04bc6864f8d963b23c1972f7dc2a11	249792	Sev Yeter	Kamuran Akkor
track	57eee3be1291f0cf62e4fcbcf31b1aa4af2bcff4508103d8efadbaff49bf0e98	231864	Gözüm Seni Görmese De	Gülden Karaböcek
track	832732a62e0d5cd949d57086be3e31e3c8d71c7f404cdf19f35aa45d787bc2cd	282264	Vazgeçtim	Yıldız Tilbe
track	03f3f29d5cdd8627acf80525149c6d55393103ec689e7c7969288f70b28ec4c9	268392	Unutamadım (Kaç Kadeh Kırıldı)	Müslüm Gürses
track	85a981fef47cb1629f7e0c8421daa92d12b63cc27f4785dcacefa664ebaf6f27	239496	Gülüm Var	Güllü, Güllü, Şakir Askan, Kemal Taşçeşme, İskender Şencemal
track	807f9cd1c72a6eb12be3f8036ab9681bca6f5c5150aaaea964b3f0bafca24a72	349608	Değmezmiş Sana	Güllü, Güllü, Yüksel Alkış, Adnan Aslan
track	7a44d1aec669297a2b22176b80fe1bfaf5a7662df40d3bef373ed41f99b06526	226296	İkimize Birden	Alişan
track	952f80b2f03c479d56158646d30e160c88f39718177178bf4cd6a84d9d080037	279504	Affet	Müslüm Gürses
track	719b6b694b3099e6fc2298e1d6cb70e4e4593fa6e1d4e62ecd0e6c6d599e39b8	371496	Sildim Seni Kalbimden	Neşe Karaböcek
track	1e6a7e83cccf61af9358141a5980de1de1246ab53b894ff8d9a3089078a68fdc	254208	Canımdan Can İste (Senin Uğruna)	Tüdanya
track	46060266f007288e541d003360c69c81934b2c97902e494c449a2e47d4cdbdc1	279696	Koparılan Çiçekler	Kibariye
track	5c062471b9db388cc3ed6de9ce22fa4d5f5ca1ecf21cfa6b10b98146ac2f4101	240216	Yak Gel	Funda Arar
track	a78c32ceb3e5591f9ae3830cb018182cb708a6dcfeb13ab87e8dd7687997cfd6	260520	Bir Zamanlar Deli Gönlüm	Sezen Aksu
track	2ef8462570dfb3fdffb7da3880e2bd7d2ce0d17f18ca751218ca81eab62c2c15	306096	Acımıyorsan	Güllü, Güllü, Ali Tekintüre, Adnan Aslan
track	a0f63f6767636add8052b3cf67cf817d03bb6e2ccf457473a923e7b9151d9a78	366936	Duyarmısın Feryadımı	Gülden Karaböcek
track	61d13716f183bf1b8e95483359001898028d7f3de3d95b1ec1c9f72bf57711ac	227304	Zalim	Güllü, Güllü, Ertuğrul Polat, Murat Kılıç, İskender Şencemal
track	7c4614ed1826c1907dfe7ea1b2fbbd0114781e5e51ca97955f42efdd33e58105	292968	Gel Bahtımın Kar Beyazı	Müslüm Gürses
track	d043e2a557a0c985518503c136dc7d7b787f0a520c9a94628c3099a63f79893c	309888	Kal Benim İçin	İbrahim Tatlıses, İbrahim Tatlıses, İlyas Keçeli, İlyas Keçeli
track	6cb06934e74fcbf664f0c9f3175673fbc4d6bd3214f080c4514658e812a577db	276744	Ateşe Attın Beni	Kamuran Akkor, Ahmet Özcan Ertürk, Ali Tekintüre
track	57d75b9bfc901d07e54b0c7a37002bc88d9a09bb8944b3e59fdf69abce126cf7	246264	Araftayım	Ebru Gündeş, Ebru Gündeş, Gökhan Tepe, Şebnem Sungur
track	58300503c0a9982b5e2d2039a386849d125ffc6249735f8e250c91cb3d771795	220392	Sen Evlisin	Gülden Karaböcek
track	59f4ebd515a35fcdb722ce4fc3d91164c8201cc8085b33449a5f64f17ae32d15	310464	Seni Seviyorum	Ebru Gündeş
track	278a03ea52993190f66c0b336c7a2c929fa2d3a4af771e74e2e205bfcfa8fe40	252240	Beni Kaybettin	Kamuran Akkor, Ahmet Özcan Ertürk, Ali Tekintüre
track	8b388418a7842e444166928ec3938cee9c900ef900b5ef23dca98c5752a59589	295248	Bir Güzele Gönül Verdim	Azer Bülbül
track	413dd78e646da3edc7afcb7e71cbd381095e9c114e86cfba43bd99c972cf7fe3	217920	Ben Sende Tutuklu Kaldım	Arap Şükrü, Sezen Aksu
track	b1a3d40ae51706c66eed1a92ac6160a5e6b9619f20725d6cc33a3dfff9424e20	250248	Unuttun mu Beni	Sezen Aksu
track	4a5de8e08562fb3dc88649be5d09903c1e02e526686d3d06a4d8de36e498d4b3	328488	Kurşun Adres Sormaz Ki	Ebru Gündeş
track	6e3f9bbabf3191a8c59a1a485b8b0ed9fe785498d1b2012bef3565970bfb1133	265032	Sen Affetsen	Bergen, Bergen, Ali Tekintüre, Burhan Bayar, DR
track	23a496267e3bd238bbfaa1917954dd17e056bff90cfb22f9f2e41bfefb639036	279576	Yorgun Yıllarım	Cengiz Kurtoğlu, Hakan Altun
track	a5e28d0227b9ea0a8039ba4b627ade978e8a63620fe0e4519ca4f0ba3b49a0b0	293064	Sabah Olmadan	Güllü, Güllü, Cengiz Altınsoy, Tamer Pınarbaşı, İskender Şencemal
track	accecef68b33c0afca73f8522c07126437131d7b81b02cdb98b2290874328e84	241128	Vursalar Ölemem	Yıldız Tilbe
track	0097cd9ead09ec82237199ee0f17c87b497b6b9535262a17d91b4a811e8f3d11	222384	Anlamazdın	Ayla Dikmen
track	ae4c4c1414c7251df97cdad8328156b12766338e5dfc91a799c4a06c142955fa	296112	Yalnızca Sitem	Sezen Aksu
track	a76914ab75b372575f977bdb118283bce1e672b73fc4da54506cd7d14558a4b3	297576	Gitme Kal Bu Şehirde	Nazan Öncel, Nazan Öncel, Nazan Öncel, Nazan Öncel
track	3e368c16562db9700f43bca1a4a71a317fbe0560e9dbb9277341fca57f1d7a40	284112	Bir Gülü Sevdim	Zerrin Özer, Coşkun Sabah, Ahmet Selçuk İlkan
track	a5b4af09fc61c435569df437acca6a853f52c3d6b48b794fe25b62395c30883b	311280	Sigara	Müslüm Gürses
track	33f90fe651cb208d76739aeb492d3133416ec2361ce6da79ae284c0e43b48730	208584	Seni Kimler Aldı	Sezen Aksu
track	706d1c3099ece82c57ac0cc67a175b8d962bfebe95faf2b44ea87e2ea07679f8	232296	Sebepsiz Ayrılık	Müslüm Gürses
track	3df0e85c0df45084f019f7f8ab04d281e6504ef93555f69a7c3535350ab5918c	251400	Neden	İbrahim Tatlıses
track	f0667fbcc7892eb05c356fd5a919881cd16359895902ef62ec047121efdc5d1f	273293	Kanayan Gül (Yine Sensiz)	Ferdi Tayfur
station	9	Revival Türkçe Pop FM	Rakip defansı çalımlarken kafa sallatan hitler! Türkçe popun kalbi.	1789642904170	8b8d76ba254da40dec4b53ad3e4dfc87b67545b170e3018fdfe07a393ed57afd
track	8a19997b6b82d2963c8240700919e131c0121748f9e76ada400abff31c187a19	248544	Boynun Borcu (feat. Merve Özbey)	Erdem Kınay, Merve Özbey
track	4adf61a04592b6e99f6a89d9654c627e68a9aedde9bb9bc91df4710d00a6f048	281472	Araba	Mustafa Sandal, Mustafa Sandal, Mustafa Sandal, Mustafa Sandal, Mustafa Sandal
track	9901c7a5d4504a1f59681b767b8d83c939e94c684c1f3f15e798339d41672319	157464	Martılar	Edis, Edis, Emrah Karakuyu, Emrah Karakuyu, Ozan Çolakoğlu
track	c4d7aad59315d16784a6e31d6baa60a515653d1ab268ac0081313ff7f4d6537a	212592	Kırmızı	Hande Yener, Hande Yener, Altan Çetin, Altan Çetin
track	d300e29aa270a090305591fb4e84b157176261688d6c434ae21d864fc5cc3e96	250344	İltimas	Gülşen， Murat Boz, Gülşen, Murat Boz, Gülşen, Ozan Çolakoğlu
track	fc87553499cab25e83d487d85566df61335f3c5224e85c03090002b4a07245d2	202728	Janti	Murat Boz, Murat Boz, Alper Narman, Onur Özdemir, Alper Narman, Onur Özdemir, Gürsel Çelik
track	5219737589613de3ff8d9472791612594fd03aa864072738bfe197a2b02d91d4	285672	Bebek	Demet Akalın
track	a163594755654d2a660874955b28a32306cdadbeb4441b6bcc50f06e1e4d8f10	198624	Geri Dönüş Olsa	Murat Boz, Erdem Kınay, Deniz Erten
track	d1e86dc4ae568b8823fc213066719e943e0adcc23a9d30830250a2f69bd5b11a	263880	Kandırdım	Kenan Doğulu
track	b2b8a244d677e7bf5a74e9f3150d54dbf5e3867f92813a00b6383796a4e69b15	231576	Aşkın Suçu Yok	Murat Boz, Çisel Onat
track	6acc0bec2c560762f550c1069d0496a8c64a72da7dd78256fc3f6ab9977e5cf7	223080	Adını Bilen Yazsın	Murat Boz, Murat Boz, Kadir Mutlu, Kadir Mutlu, Fotios Stefos
track	20c8a4129f955009c369b4e1ecf74972a2d47c8f28b4d59580fb40728aa86588	196896	Hayırlı Günler	Aydın Kurtoğlu, Aydın Kurtoğlu, Ceyhun Çelikten
track	e1b2a37ca6446ae4253376e7c9c08371d19a7108cbcd5f236f62fdae36969fae	220776	Tesir Altında	Mustafa Sandal, Mustafa Sandal, Gülşen, Gülşen
track	af8ec3c6d4f890c5ffaa2f901df4e1861fc51d6aa8a123de64819ba8a8ae910c	222984	Bakıcaz	Hande Yener, Mert Ekren
track	0919fbc7f9610d6346085527a2c4fb22b0cb630c12da38b0f14720adffc95fee	207864	Saz mı Caz mı	Çağla, Çağla, Serap Turgay, Özkan Turgay
track	d262959ce1612e2099c75503b9ee04e68cea1a375d70842480368f21eeb8f842	255840	Insan Sevmez Mi	Soner Sarikabadayi
track	ea5632391ba147009a571e240e9aca8766616565d36e7a2c81c7b13bd1d53bd2	173232	Sebastian	Hande Yener, Ersay Üner
track	f66f65128988fe280df160ebec7c2809fcb70e0e2dc8a307d7aea90a46866cab	212808	Saat 03.00 (By Volga Tamöz)	Bengü
track	4eb8f51975d8ac4f912aa1027c6182a7ce0dae0714eead9883c1d61446767f57	215112	Baş Harfi Ben	Kenan Doğulu
track	29ec1d85750c305934098e9f1140974870d7c3fc6793c0f8b344a4ebc9e5cef2	262944	Neyleyim İstanbulu	Murat Dalkılıç, Oytun Karanacak
track	6376f7b14af82851cecd8e213e7f28cd78c0b76087c2b3bfa36c46d394debe9c	232320	Aşkın Ateşi	Hande Yener, Hande Yener, Mete Özgencil, Mete Özgencil
track	e7b80b98575f3368d1a285bc4c8f9c1bf481eef525eddb636e5a16aa5c0eb9de	243480	Sopa (Clup Remix)	Hande Yener, Sinan Akçıl
track	d2baaa22776a77f2c02ad382bef05c592dc5088635320f496bee68cb54f86b04	259128	Beni Sev	Hande Yener, Devrim Karaoğlu, Yıldız Tilbe
track	7f46cc8b7092c7983d3fb66600e783306f8c4e062756dd7a4c5893c348b50490	219240	Şıkır Şıkır	Gülben Ergen, Mustafa Sandal
track	4ba4e0b391d971b7ea59b9258b3496deb16850faa72b9edf6d85912f671430dd	278160	Türkan	Demet Akalın
track	519685069bdb168e0cf4f5fca85d0e214195dadcf074549057efbe07af604230	208320	Dağılmak İstiyorum	Ozan Doğulu, Model
track	8e18c05e1f14f3c68be9cf57ff52726fe0263d30587c19e430f62d28fcaf38dd	346080	Aşka Yürek Gerek	Mustafa Sandal, Phoebus Tassopoulos, Sibel Alaş
track	d2def3f50ce0c00aa9e222cf8a340b7cce5a7b259507bc038ae90bf8fb3499b2	251256	Kocaman Öpüyorum	Bengü
track	df86ebcdaee01e649fe930040168e8778dd1281214b6a7c85419394ba8475ad1	152736	Bir İmkansız Var	Emrah Karaduman， Merve Özbey, Emrah Karaduman, Merve Özbey, Emrah Karaduman, Emrah Karaduman, Emrah Karaduman
track	91b46ecc758547bb3766ca06f94f6df0469bc246d8d8a85f7be4aaaf1d170c95	228768	Rota	Erdem Kınay, Demet Akalın
track	17b6406ba71cb930798ae40569a946b335320255aaec4a2c46d337b7a9823732	211008	Bir Hayli	Murat Dalkılıç
track	78934becacfaf6c4495358415ca127eff3f5ecb53cc741e22670e142f2b3976e	213744	Karam	Hakan Peker
track	e58a3d8fd52a14fcafef5bdf0eed82f700f04ea8d6bdca3fcad1515c3ee694b3	312192	Adımı Kalbine Yaz	Tarkan
track	194f0070e22a4f1fee7583121cbaca0bfcdd96b0d143279929a5353758b0c680	313920	Şeytan	Serdar Ortaç, Serdar Ortaç, Serdar Ortaç, Serdar Ortaç, Suat Aydoğan
track	255257411b7fe17cdff5affc7c6fae3a47fea84c2af61a23bbad0904cf3aff55	223944	Koyver Kendini	Bedük
track	a06540d16fa81456870f6e5c95247eb63544097ee0e29849adac23b4cd5442f5	235296	Şans Meleğim	Kenan Doğulu
track	9c3366bd76c03982c14b409021b5bb8e8e6f51accc92edd83d859638f958a2e3	173208	Helal Ettim (feat. Merve Özbey)	Erdem Kınay, Merve Özbey
track	db3d6b1a4bfbf6150d8ba6e810bdf80893d5b90ab351a611ffd618766119907e	212448	Doktor	Kenan Doğulu, İskender Paydaş
track	edcb517c2a7fec18a6c3c5e19f11e28f1ffb0b5229bca6fa0338dc22ffc412ee	274296	Alt Dudak	Hande Yener, Altan Çetin
track	3459adce7178626e8bd7e66cd1b83eb92d4db7946d92e697a5ddee2a779f1887	227880	Kulüp	Ozan Doğulu, Demet Akalın
track	ffcb580bf1ddf0d3152215b5a1cb089aa9256e2e6a8f0616760527dd176ccdee	225216	Bodrum	Hande Yener, Sinan Akçıl
track	f3105f16983d1b43ae8946f493c3245b9d3285c6c4f399863ed45145d2f7df5d	219624	Uzun Lafın Kısası	Ozan Doğulu, Gülden, Bahadır Tatlıöz
track	08589e04aa6a86bebe019372734a74cdf9ace3355f6132bce5d1b68b03b02c9f	263208	Yarı Çıplak	Gülben Ergen
track	a33cc81236693f6bb8b2bf48a618e9378af6f33caf4b2d0b5f04f9e56012f943	196872	Nazar	Demet Akalın, Demet Akalın, Gökhan Özen, Gökhan Özen
track	cf6366f428659e412d5b85a59df6254b8e5fb91a0953f72e02c4d7c601d433f8	258528	Kudur Baby	İsmail YK
track	ad5d5d4d5a91653b7eadf929706d09d02778e007a19672f81eba965aec038257	316344	Dansöz	Serdar Ortaç, Serdar Ortaç, Serdar Ortaç, Serdar Ortaç, Volga Tamöz
track	f36c13b4b9f429fa1caa07156845d7420e306a997f91ce7069c26399dc7c3331	284376	Evli, Mutlu, Çocuklu	Demet Akalın
track	1fc99919a85a444423dffaecc02c41a42cabc39b641cab5670fe66435c6a9758	193848	Arıyorum	Edis, Edis, Emrah Karakuyu, Emrah Karakuyu, Ozan Çolakoğlu
track	8b90706d9e96296b2ad7e74f1eeb8128bc2c7c4fac6862e538063276af8de7b6	219912	Uzaktan	Göksel
track	d8f669b8988479af1bc23f1e78b1f7ae1ee8275865193970dd83dbbeadfe6d3a	227976	Karabiberim	Serdar Ortaç
track	ab5b87fea1149ac2c8edf02dc57214b0d05ea85f16e1bd808f863931e5e08a8c	236400	Aya Benzer	Mustafa Sandal, Mustafa Sandal, Mustafa Sandal, Mustafa Sandal
track	bc46ca24810cf3473e863f90b4fc8d2a7ecce40c9012bacb4490fa72de8af59f	203952	Okyanus	Derya Uluğ, Derya Uluğ, Derya Uluğ, Asil Gök, Derya Uluğ, Asil Gök
track	553a71803d5a5ff255c818d19612a47761864e1b9b9171e65efaabc6dadf79cf	223320	Kutsal Toprak	Soner Sarıkabadayı
track	d2dc63adf8939c8ecdb0c4aa2f8d2a72c9494c6b8ddf25874a6c6d0732301b08	250464	İki Deli	Hande Yener, Serdar Ortaç, Mert Ekren
track	9a8d1e1d8b2aed69957b71b63c383d08b885367b77045afb7dad2eb8e2528fc3	205968	Duman	Erdem Kınay, Merve Özbey
track	ad813f52297e1ca3f04d0d2f05973f531d257670cfade50f8872f4ee879225d3	227160	Bir Sivaslı Uğruna	Ayaz Aydın
track	ec75ec79fb40d012de16d44ccaef08c79c52bf9d916cb6591118f53451be3f16	239112	Kader	Murat Dalkılıç
track	15df66b7baa78fc0538713f9173ce6b98722bad08d4b4a822fa6043d184e249b	255192	Öpücem	Simge, Simge, Sezen Aksu, Sibel Algan, Sezen Aksu, Ozan BAYRAŞA
track	9bd0cff5a597a44a061ecb31b117ca7772e3a63472a4f871b73e1875ac53be5a	235488	Unuttun Mu Beni	Soner Sarikabadayi
track	62f3d4aca7f82b062fff1ee25bf0a54eb48dc20c7360e1fea6d159591be101db	265992	Yankı	Simge, Simge, Deniz Erten, Sezen Aksu, Simge Sağın, Ersay Üner, Ozan Bayraşa
track	3354d2b401fc9e8ec2ccb2024733f31afdc42ea32d5ff80ee1a73800404063da	301992	Mesafe	Serdar Ortaç, Serdar Ortaç, Serdar Ortaç, Serdar Ortaç, Volga Tamöz
track	205f084dd379cc8d87ba60309149b5dbdf15fb1cc69f40131d93e11f044963bb	252552	Tarkan, Sibel Can - Tarkan, Tarkan, Tarkan, Selim Çaldıran - Çakmak Çakmak	Sibel Can
track	0701f8070f85735902780eddfbb6bba298d21d11c77461ccca7bb60951ffc5cd	226656	Boş Bardak	Fettah Can
track	547dca411788f8f184e023d225d433fe6636e52e92ef4f1b2f90fa77e4bf5f74	225360	Kelepçe	Hande Yener, Hande Yener, Alper Narman, Fettah Can, Bülent Aris
track	5a4218f92b1dde0f72a710e99da4ff0e6b62f165e3edba9bdadc1467d6c2748a	225840	Sıfır Tolerans	Hadise
track	dd123750c87d68286f0ca8081e65571e9d389752ef9c4da9350b28b554510566	199080	Yatıya	Melis Kar, Melis Kar, Melis Kar, Melis Kar
track	0ef717a7907c09577d73f21ede5c752a64cec1c166d048444b30d2e8913be21b	229776	Deli Bile	Hande Yener, Altan Çetin
track	c2fcc75ba0e63959926a26606ca0687000da2295b3360d77a4364001c99454dd	272400	Bombabomba.com	İsmail YK
track	27f8e5056e9de494dd4fc99e7041d681c2c645ed7c986772010c5ccb65f7b708	192720	Kalamam Arkadaş	Murat Boz, Mert Ekren, Ayşe Özyılmazel
track	0873930e9469714d8b2385e8905f8fcaeeb0ae0f01029b6e216dffb835849cac	231840	Yangın Var	Aydilge, Aydilge Sarp
track	73f2aaf0048bf66b3d8db24b6757826ae100dee5413b93c2c065c42242c38d30	275136	Aşk Gitti Bizden (feat. Tarkan)	Ozan Çolakoğlu, Ozan Çolakoğlu, Tarkan, Tarkan Tevetoğlu
track	db3a524a4c0ca01ea2db051c3a7e7db8aec92e767a049b70dad974faa2c7dd2f	227496	Seyre Dursun Aşk (feat. Gülşen)	Ozan Çolakoğlu, Ozan Çolakoğlu, Gülşen, Gülşen Bayraktar, Ozan Çolakoğlu, Gülşen Bayraktar
station	10	Revival R&B FM	Gürültü bitti, oyun şimdi başlıyor. Revival'ın en derin sularındasın.	1789644756944	7bdd1bd61dff6dbb74834b70ec172283b936f67399e52e0cb779acf8d00541c7
track	a49d5b084e8116290e8ccc510516c5114b9d599c7c476ab4d384b40820596a46	172368	DEEPER	PARTYNEXTDOOR
track	ac9cd89baab3208ecad5912521cc4a0e27bcff5f72af3c9b3c7d88e8c25812e7	170544	Unplanned	Clara La San, Rosie Francis, Jack Latham
track	b63f52f557864b847980d9a6a02429956a166458721f704b34c15d9b3891065f	207480	After The Storm	Kali Uchis, Tyler， The Creator, Bootsy Collins
track	669ff3959ea47c0fd63fd288d1cc4e5d6d49cf7e4525d4aa70c4bb565da2e418	192672	Ballin'	PARTYNEXTDOOR
track	9b7c27ba60db9f9b93799cff8a8932f98aaf79484dd9a1ceca34d21cdda443bf	249240	Party Monster	The Weeknd
track	5dd2bb3ad8d0f2061b6312493bb91a5056d5c05c1124b188386c42f3a8d85139	180432	See You Again	Tyler， The Creator, Kali Uchis
track	010f4aa903c55565b31822a753d77adbf25741ad8441d2d890f212404e240034	307176	Nights	Frank Ocean
track	bdbda17fba73e5fd405eedb78f866a9ffb5ae16aca9fc0fec88bc7906cb21653	236184	B.E.D	Jacquees
track	69a54be04e82a03e71984fe5023f79e79431cc7fbde8478e899e762d640893c0	191736	How Could You	Artie J
track	bf9886fce225c1fec46726a7ca2bd1fb852f9e124ba778048be623478e6ce25f	144288	DrugsHoesMoneyEtc	$uicideboy$, Scott Arceneaux Jr, Aristos Petrou
track	1628eea7dfee52a85f2c81b843eb06f12d17749e9487120aba046cb5b6f63343	180456	Rehab (Winter In Paris)	Brent Faiyaz
track	e290d9748b9a27bad9411b7501c84fd4acfd08a13ba36323fc8f10b1ac51ae5f	198336	Don't	Bryson Tiller
track	6bf6706c4319ca26bd5190f515bc33386081473ea5a8f62627c84d14f61a1737	317328	Les	Childish Gambino
track	f4a2c3c472fb2990653ded993e5b6dd7bca3af7a597b4a3e706c9983d538d661	249696	Self Control	Frank Ocean
track	be47bce3dca93c1f9e43a24247b7b664d6b2feb8b90220ea98df9dd5081d9001	197040	In This Darkness	Clara La San, Rosie Francis
track	5ba32a4a55f54d2d49e8e03903e9cf3a0f1bf9156018eba9e2dfd1b009d48dcb	96408	Forever Yours	Brent Faiyaz
track	f5e471ad8463bbe842395115427d3a5795ad08ca23fded32c9edf9f708987604	212904	Wus Good Curious	PARTYNEXTDOOR
track	5c8aa3fe28a7bcd1ef2c4a38dcf739c5fef73d605deed7e1019cba5fc56cb84b	183624	safety	greek
track	24fc114e5d489e97182e4f6a9d06d86d2cdaf215177a9c92178d861bb0177d7a	195456	DIE TRYING	PARTYNEXTDOOR, Drake, Yebba
track	9b366be3201ba2b9c9c1586966396fa1b687d825fe5ae8314c8f6c9442e09470	229824	Sex on the Beach	PARTYNEXTDOOR
track	b3e201960c9aad6536a961665ce38d3465e5285ffcab809df8f9d65b1c146134	303672	WEST DISTRICT	PARTYNEXTDOOR
track	f7d706814766b1d97ab8a7308338ab3a024bab5655f1301ead6e47d664a7f027	226512	The Color Violet	Tory Lanez
track	0a70dbd9a2acfbd94c8fb2aa68324fe119adfaee05d49fb50999fe7ee3bb59d1	297552	Without a Warning	The Weeknd
track	5fa41834d9019cb387341b7c6b3ae3581e6707f540f10344e3c66d33d7250af0	256176	Traphouse	Tory Lanez, Nyce
track	58b31e415557eb442d6fada2341b0d650c546e2e5cab0665db10fd61c937a1f4	206160	Diamonds	Chris Travis
track	6c39961286880e7f0cca5f7cc97f202f93ee6d463c6a749b5e5b30a9c9673b83	188952	Karma	Summer Walker
track	de15b671746ae1fab7a42e98d280f842061c84e5d6c64fa303f1a984c80ac15f	198096	Drugs N Hella Melodies (feat. Kali Uchis)	Don Toliver, Kali Uchis
track	fdf141ef1fe448e196d0b68ba664cc0fa8893325b8b3d6f5c40a7ef634d2686c	407352	House Of Balloons Glass Table Girls	The Weeknd
track	b7169ac1a1067a4495058ace1fe8ad66c98b114adb24c583e9797910a901ce56	256224	Say What (feat. PARTYNEXTDOOR)	Trippie Redd, PARTYNEXTDOOR
track	5adfb3ebaf1639e92f31222673f3b3b059807b19282ccbbd36e05a5d11559a95	334608	Seigfried	Frank Ocean
track	0fce534e39e0d0cce4834fd5e51d2851a502ccff33ea9add4c2594d21f228f67	128952	TMW	Avenoir
track	21a52c96a1cab58fecad561f5eb358cd4d25933a52398e9658a505af93bc3e79	208032	Bathroom	Montell Fish
track	39cc2ddd7a2d18516c48aeaf21cd6f60fcda9a03e4bf92ec63871392dfdd1b3c	224304	Wish I Never Met You (Prison Tapes)	Tory Lanez
track	f9cc2050dabf9966358aa41f61a9b3114874d7cb1c2be7c90ab56a67ba5e4a6b	102840	Girl With The Tattoo Enter.lewd	Miguel
track	76d0f3d160c82f4a8e77b353b24ef6975dc0ee3562e3d181814b7466b4579d82	175656	Someone New	Sonder, Atupele Ndisale, Christopher Wood, Sonder, David Patino
track	e3535bf7a65dfb586c3213be63bf8e792ecc7e99bcab6b5abc74aa0b66de2bcc	239040	S o r r y, B u t I’ m O u t s i d e	PARTYNEXTDOOR
track	621bfcdf6a4b92c8685abf46dcd960eb8b273e38f505a044aefc6406cba1b82d	249216	Ivy	Frank Ocean
track	81ebced837e7eb3f58790e0223d7118d64a992b76f4c10f99ff71bc6154edbfb	311232	Recognize (feat. Drake)	PARTYNEXTDOOR, Drake
track	eb2546bf34bd169a7163acdd76dca9585ec1958a642f4ed08528c6a4d5aa0d0a	184560	Pink + White	Frank Ocean
track	545ad0e47239b45281bc84fc818edcaf7f79d5e7859362d193d3e82cf6125ff7	167568	bebe	Steve Lacy
track	23f187930523948fc4a796bb88f40e08663440a20e78765dd8e13942a69d9dc7	185832	NOBLE	F3miii
station	11	Revival Old School Türkçe FM	Eski okulun kuralları, bitmeyen battle ruhu. Revival'ın en kemik frekansı.	1789765761040	c9cbce9c205564bc0b24dd762550ec03f3c17f48b29f41ac33360f8272e43583
track	a5ea6925562365aee057070211a1af7687d5211d2c2dfb0057631bbb55dbc084	197784	Hayalin Yeri Yok	Allame
track	0fe11302cb0639919c300fa47eefd3d412a8f161dae30c8f57292fee38b9aa08	164784	Tehlikeli	Contra
track	2c64ad8595dcdf4ddd39387dba65fb2d1f28b3997d9c99d3d2098bfae724cdb9	193152	Hissederdim	Kayra
track	e074b036cfee4d3682c594f780bfdc5c1196a3a2c6cdcd2832ce98638335447d	194208	Gibi	Hidra
track	bd8f0c392e198e3eb6bd066bc3bd723cc62a4035c9a58161367f6c94b0fc703f	239592	Ben Hüsrana Komşuyum	Sagopa Kajmer
track	c2ca8d320ab6914817b5fdf42729d3e7d53571ee3fc0813886cfa4a865f5a4ba	211152	Hayata Küstüm	CaSh Flow, CaSh Flow, Cash Flow, Beat Boss
track	1bc4fced18472c9e968b22f3fcc0a7b575c5628fea98f1f364c2eff5a126a385	200280	Düşünceler (feat. Cambaz)	Dr. Fuchs, Cambaz
track	7c33bc59915b1dda909230e43b7421ab891907b03d2378f847eca8ffec946872	236184	Karikatür Komedya	Sagopa Kajmer
track	f66107a20373ca693f4c3925f66bffaffaad748a3bb2e1654fed62e2b27285b7	204216	Vasiyet	Sagopa Kajmer
track	41e3b6328d1a5b3a34563c73d4c2cc17726d582449becd373cbcece2780e0910	148104	Ölü	Contra
track	b2995a67ac49bafebdde6195e2d0ecd5398d0490f1648f2edd2320aa63b609af	221976	Kara Maskeli İstanbul	Fuchs
track	91c7fb4e17e8ea580e4ba8fafaafc6ea91b941308810ea82cd8a298c0e611be9	128616	Efsane	Contra
track	36e904eb9c50d51d285dd2c1adbd0e124a63762fde11f62dcd12b3d97bdafd1a	183432	9	Beta Berk Bayındır
track	0677914570aeefaa83d3915edadca900fe20d7daf90039813835481278434901	143136	Ortaya Karışık	Stabil
track	8c198112cfcb1d6f1de881f5f6356f469081116d4d4e695c3580536669f61582	240552	Çıktık Yine Yollara	Norm Ender
track	7f87eb842f22e24efc9b45ea30e91a802c0b692a3686ffba09db9a28c370d3c8	175464	Fare Kapanı	Allame
track	0cf08b756a6ad2aec2f945dca66707c9654841be2ed8968a07c3748bbc9d6b0f	240672	Beni Bilmiyorsun	Pit10, Ender Çabuker
track	6db47fb5f3775b5609a89622c4174dc9c2e87a8636719a77d641c4d9cfeeee2e	210432	Allame Sendromu	Allame
track	1117f7afa42f5f9583a3183987205aec644c56483eb969afaf004d2b9d99ef93	298704	Kördüğüm	Ceza, Da Poet
track	9e002509ee164186c89f99c91526525f334cc1e67ad300b0e417c1f295c6254d	206736	Neyim Var Ki (feat. Sagopa K)	Ceza
track	c2bbd0ac3c9c212730020b56a86f02ff39d077f03b804084e01bdbcd11a8f738	199944	Sokakların Melodisi	Fuchs
track	8eb76236853f925f0015942e415cbb020daedc773402b65d6b6239a801b2ec87	263280	Plüton	Şehinşah, Ufuk Yıkılmaz, DJ Artz
track	503425c196e2c34cc47983dc0f0b7ae37100d6020530d183191ab50bdd62c899	175512	Yeryüzünde Bir Akşam	Kayra, A-Bacchus, Vinyl Obscura
track	ea3c26ee0f8396fbb1c201fa2924ccbd8ad8c254dc2eb136fe802a1543a48c88	216072	Alt Geçit	Farazi, Kayra
track	6f4d57109704449459235e4db38a34dbc778e706e1f1fdeaec7ed84afbbd8123	252648	Yokluğuma Alışma (feat. Rozz & Sahir)	No.1
track	d7534cd879e65699605e73188bf0a91e1ce18302194bc093b0aac38e91354854	165960	Çok Yaşlıyım	Kayra
track	00da8d56c62e5d6ecbec618e1b235208a488fb4ba2760d8f7e789e4188916309	147168	Kapak Olsun	Defkhan, NELLIE, Fredo
track	1f92b5db21ba9a9a7f89bf73d5c5850da92add6d436d78795333368a86465719	231336	Soguk Mevsim	Massaka， Ceza & Dr Fuchs
track	667ae839940f454dcc6d2761a563bf0007d7f1a2bfbae7981c2817a6fbc58e3d	169080	Göz Kapaklarımdan Yalnızlığa	Radansa
track	d7efb37a0d1a5651dbad183786832b7ec475d716700566c368ec79919476b928	294096	Yaşamak Öldürür P1	Joker
track	5073b1d337353b309e3209200acc63b78293a256ff850b80373b6cc5adac6ac6	192744	Ne İçin Yaşıyorum	Şanışer, Sokrat ST
track	b75ff2941677537c4eb99c669631e0c82171687e3f0f092e0b1555a865439143	179016	Git (feat. Emrah Karakuyu, Şehinşah)	Anıl Piyancı, Emrah Karakuyu, Şehinşah
track	1a8e682dc94b7aa6adb48bc0a4d2398f98bd223610c0a04e533cdbe7b2e98ebd	210768	Tanınmayanlar	Allame, Joker
track	67b54020e545a93e7ac0ae2b9b2d255fe2377f919b671a2ec0ff80a40add64db	269184	Yarın Ölümü Beklemek Yerine	Sansar Salvo, Şanışer, Ekincan Arslan, Sarp Palaur, Gökdeniz Karakaya
track	172f98cc4b9d687f33bd899e40977f9c216e3de3b9d997412676b2f6ba4b41e6	197376	Panorama Harem	Ceza
track	73de3a00f52a311c81cdddaaff53416eff4d84e09eb00380314c674b0d0ac528	190944	Aynı Dündeyiz	Hidra
track	1d923c0f76d95170091fe1ffda17e1eca4d96cec15f0b87649e842edb8e00d91	203952	Sözler Şerefsiz Oldu	Norm Ender
track	fafa6461672f60ea13367bf1430b2a10695fbff01a0dcb7a9aca87e6914889c6	271512	Depresyon Oteli	Norm Ender
track	60c2d0c257552e1b366d7b91757970369cc430f028772c0150809ce695b73019	198840	Ağır Roman	Sansar Salvo
track	e0ec31d01a250cdd261b814c52723cf7bab588eac86479898c7168bb37e1e2d4	183960	Hayırsız Evlat	Kayra
track	900008f177dc22dd82c88814c3eea4fdad2b40f83aa668395d871d933c5b9027	376992	Adam Olmaz (feat. Eypio, Cash Flow & Şehinşah)	Eypio, Cash Flow, Şehinşah, Anıl Piyancı, Artz, DJ Artz
track	43d831a97d209aacba59259a5720e3045f92cbbcc0b763a666a7872a82af33a8	285120	Bugün Biraz İçtim (feat. Ezhel & Grogi)	Ezhel, Grogi, Anıl Piyancı, Artz, DJ Artz
track	c54817bf0cecab6b13854333ed3aecf36769870ed8d25a1d2d3ab50b7c23bfae	252528	Sen Nasıl Bir İnsansın	Kolera
track	2df4fe78165c7e2bc6f7bbcc841b0729c564eeaa3c10a96cfe3ae453431692cc	209496	Delight	Ceza, Killa Hakan
track	179c51c648c602d2aa39586eb3518fbc43f4dac39510a0865e8e8ada569ccb18	225024	Şerefsiz	Diyar Pala, Sansar Salvo
track	767fabd7cf6460a37189d825e7b4d73ecb009e66e63b7cab4773e7cd27108b7e	249792	Bombalar Hedef Bulur	Sansar Salvo
track	3be1a3f77f5286d52f0b7bfb896b62736ef00498376aa4eb55dee305e726f51c	191016	Dum Taka Dum	Sansar Salvo, Burhan Saraç
track	298fb721824b6d13d0ed9ac340faa6a411527e8734b10c53acc8febe4a77df93	151056	Transparan	Norm Ender
track	5e22ad1024459c8099e61a52015fa2244f102dde570189516874869a764d9716	213624	İçinde Patlar	Norm Ender
track	9dac797dccae20daf1250d9fea27a6e03c187bc8c3518a0b8850715305ef2d84	202056	Duymuyor Beni Ankara	A-Bacchus, Kayra, Yiğit Seferoğlu
track	acf6bde5422e7f5eb4f572bf06a840b21ec40c4861b77a828beb68ea749d4a02	238512	Durduk Yere	İmpala, Kayra
track	a176f62c64e6c1cd258a165502ad5649fbdcd46272aac3f686d7a036c4ccbb43	287760	Med Cezir	Ceza
track	5f9ad9807c2215db9b690583b6a6c403a7e983189f1e4c90452ddb29f49600c9	227928	Tutmayan Kuponlarım Var	Kelanei, Kelanei, Layzie
track	72c23a7dca09852445dfa2c8f3a6b9e1836657451311c6e56de386defea6f4e1	256752	Bir Dakika	Allame, Umut Kandemir, Hamza Gül
track	04b2d9107e53c8f4e00d8938da8770fe802f08d26b9113c360d1adb134346dee	224040	Sonbahar	Da Poet
track	4c91b68228bb1ce7843ed283b386c2fff6fb5dbc853d3b2968e17463473c288d	260664	Mertel Kasetçilik	Farazi, Kayra
track	b97186c680d06afe2374ec1d04d268db7012360ef9e3410e23030b49566b47f0	194136	Tilki Dansı	Fuchs
station	12	Revival K-POP FM	Oyunun anavatanından yeşil sahalara... K-Pop fırtınası Revival'da!	1789639289425	03bff0e98b7c3abe97f020f0e1459fbf07e68852960c3d0f0541e258f8d61563
track	ff57d249fa82bd54d7d0e2019461fd760068ff8c4b7f11d5fd0567cd25ef0f95	197064	Spicy	aespa
track	ee65345dbd1a6a2d83c9b15d0afa89938fe266b5a2d6a81824763161a796602e	235848	Cookie	NewJeans
track	250bd44c3821370dfd96306168b1d460ba91d3511e1e0f1b0bc8b824603c78d9	212424	Cookie – FRNK Remix	NewJeans
track	13d2f268f8d8b008a65fef52512b17cd14622b893240a80ba71d6916a6c47336	131832	Igloo (Igloo)	KISS OF LIFE, Hiss noise
track	707351947280d856745eb37c7c2727731191e8992c9590dbe1bddb53bf909f02	166032	KISS N TELL	aespa
track	c28b8d9940ec65e3f5112f7625e3e5c3f9db0bd2bd1feb7e9ce04714b14a45d1	161280	Perfect Night (for FEARNOT)	LE SSERAFIM
track	642d42d6c191257127aeb79092e79a0596112d65be56e1a3a2b606d9d5a3ceb8	187032	LEMONADE	aespa
track	c6633ed090ede193ec468c4ea7a3281d43bf5d24087f5a7a31baf4bcd3bf5271	194208	BLACKHOLE	IVE, Jieum Seo, Hwang Yubin (XYXX), Jaeheon Lee, Sophie Rose, Sarah Troy, Kristin Carpenter, Ido Nadjar, MLITE
track	1ae9c5c067e2ffc9c442e355f311f6b48701699e009f37ba989f6d2d95e5f632	177000	After LIKE	IVE, Ji Eum Seo, RYAN JHUN, Anders Nilsen, Andrè Jensen, Iselin Solheim, F. Perren, D. Fekaris
track	c6b5fa22169949c488954301b4fe793ea2934e171e3e56683e6a3c2a272fd311	215016	Drama	aespa
track	953abc82e67353b909c0214491ebbdc6f090f33a12844fc0c01e144a8a5004e1	181440	Attention – 250 Remix	NewJeans
track	e151985e8d521a07e418faa72aa9e3db7a25e9aae5d55c62d8487392cafe25f9	196392	Impurities	LE SSERAFIM
track	9f2075779d31a1a95d9dc04471e9927af4f9e56e1be6d4fae674ec593518ff99	179424	BEBE (BEBE)	STAYC, B.E.P, FLYT, Rado, Rado, FLYT, will.b, Jeon Goon
track	ce44393b0dc886a45ea5de513338041623f83258d573a9c08dfcf4d72e313aa9	143832	HOT	LE SSERAFIM
track	6825bfb4228b75d7444ab00903f6146aba65cc64f5c493f6ceed23b4504a5d6a	151416	ETA	NewJeans
track	094e285ff0edf74420b8e4a8d55526f4af2ec48302b5adb04ba299331c9ba967	131136	THIS IS FOR	TWICE
track	7ab60195ddaa62ba6080197f60f3cc70473a1ef83f21524cec9da02157262f8e	178080	BANG BANG	IVE, Jieum Seo, Hwang Yubin (XYXX), JANG WONYOUNG, EXY, Jack Brady, Jordan Roman, Kristin Carpenter, Sarah Troy, MLITE
track	b7ca218f52fa5d228af217b9abc2dba70e6161ba947c91e82c69fa868102a8d4	107496	My World	ILLIT
track	fe7bf93b6f7dac0ae7170528e1c06413831bf088ffa58aa0281becc465091a9e	174960	CRAZY (David Guetta Remix)	LE SSERAFIM, David Guetta
track	25107ca0438ba7be210eee5548428123f036eca81f41f9f654980a8f8c96d382	185544	Ditto	NewJeans
track	5d37df4039483a2ff47cf7116e3a9f82d604896ca7a87e0d72f09b36cb9af23f	205128	Chasing Lightning	LE SSERAFIM
track	a533967b1b5f94ace75dc07a88b92290ae2093f3b1a23bf3cbc7ad46e3bc03b7	179064	Hype Boy	NewJeans
track	6d2359f9fa382686f7db330e566984df653d0452f5daa1e1ce4d9615bf217d1e	183264	Whiplash (English Version)	aespa
track	2b4dc611336a35f90df069c6ca1a0365be0c9992472e901519cdbb99cd35f6ed	166872	No Celestial	LE SSERAFIM
track	1797c8bd49a84f172aa6b82b876a75ab1daea8eafe1b7377fefc57232d50ab8b	170352	Pierrot	LE SSERAFIM
track	52312145658d3ed0149b6f8cbe875696e65e0ef1e12abfe5582ad6f219531df3	166680	Topping	ILLIT
track	f0b9d65d072bd869d89adf25f722dc1846ea7cc0b36770b30e6cb6ebbb2b923e	200040	RUDE!	Hearts2Hearts
track	1facaf57d80af445e3fa6e0515fff4f3fe5478ad8244519c2083cd8d9662a4bf	185568	이브, 프시케 그리고 푸른 수염의 아내	LE SSERAFIM
track	d921651c3b4fbd30d198e96b850179571fa9414ae34c5f974ce43577ba9c83d0	210432	OMG – FRNK Remix	NewJeans
track	67c41dace8bbd1fe0e2755a54a0b1160945c4d7ac97447b1029d10ec2c759b0a	160728	Magnetic	ILLIT
track	5a29732a1861d4ac7e55b5ac5e61725aa80165aa659d5e10d8392c556238ba8a	180168	Dirty Work (feat. Flo Milli)	aespa, Flo Milli
track	0ca44d7bc33e9e78c8dc65a75f5c825d4e896d2648447cdd15363a1a96ca4d3a	220920	GODS	League of Legends, NewJeans
track	c92fd250c45f43e8fb1158c62ebf467af8691923829011594d3df91869db8c68	166680	UP (KARINA Solo)	aespa
track	02b44603cdf18bb9ee9cd4b965d5f410898a66a24d9bd6915f588b8cff3a55fd	184488	ANTIFRAGILE	LE SSERAFIM
track	9868a5a68ffaa3db0700ec75fafce3a2562f8fb7c8a367b4e618fce642ae73f8	141168	DIFFERENT (English ver.)	LE SSERAFIM
track	cfba50644b139c161f230c7e8e68424cd2380221435fe401632a51d580cc54a5	129912	Touch	KATSEYE
track	a1171fe97c9df7c8e7e46602451ac1833e93a5b7be79c591dbd2695c90a9d91b	172344	SPAGHETTI (feat. j-hope of BTS)	LE SSERAFIM, j-hope
track	09d4a94f207d8fe28134e5a6990d4cf3c1a290b80ac26c30d1d1fb0dc0aa988f	149760	Hold On Tight	aespa
track	5b66836304878e5829a8e54828dc01fd06a429415cbdeebedb40e96665f4d383	219072	How Sweet	NewJeans
track	332f9dc7f94e00af6b3ba8ed2d0c019526595db8b2a7d08560deeabcef41c5a0	109032	New Jeans	NewJeans
track	be615b71da81928c3ef1dba6d53aa621e428f04e6f8048def13a29717dcc0766	178920	Supernova	aespa
track	625e0b8d239f9926f9073bb0aa3753493bf86b3b14b5ba2e320c84acf6e7ad3a	159120	Perfect Night	LE SSERAFIM
track	64728f8b9f78de76e2591e77a07746393f0972c3d7e3efc9cbc79c9aeed66896	191040	Supernatural	NewJeans
track	20e4e916285be716e9e367bbae53f63981e2e7071fedc8c95970f39d83878c38	208272	What is Love	TWICE
track	ff5e43947f0dd7c133bcf0a854aae610e54dd0b1247b83d4b7423cffe092786d	197880	Ash	LE SSERAFIM
track	6ae5daa36199f9a5709802727211fe9577c3b1402ac55a51071aa66eb56886fb	224040	Hurt – 250 Remix	NewJeans
track	1933dc5aa8e327df29c1d936c1986790d298944ea13147db686d36dcf4507b9e	251040	Hype Boy – 250 Remix	NewJeans
track	08c8f3c9212048782b599b3b6ffd946aea3447f1633a26a05519aa5d63f33aa6	166800	Strategy	TWICE
track	b044625da4a33e4936512d590cdfcb1ca59978175cd9a01a2777f8c28b869802	201912	Ditto – 250 Remix	NewJeans
track	4125e21430cafc9aba4e8e99ca8bf6980ecc5d11511b3291ae002e2559af0bd3	137208	Come Over	LE SSERAFIM
track	2a0dce71cab2f0938b8aa1d4be86dfb3219262a265cf94fbeac2bcc49753c57e	188688	빌려온 고양이 (Do the Dance)	ILLIT
track	80640a10b9cc2abb3cb94d4551d627d98580e0773f5509e3394b4616c46a08e6	168048	ROCKSTAR	LISA
track	6ffcc5057192912a0777cff0313a8db6893f93650c541a0bc595a340326abed7	182184	UNFORGIVEN (feat. Nile Rodgers)	LE SSERAFIM, Nile Rodgers
track	c6cd355e1775b7f5d438bf444f6737b89bd637fbb8b7b339332b9e1550006c66	183264	Whiplash	aespa
track	4cbc68417c5755f78aed62573d265514da463307d1eb1d96ac69b4b1ac774ffd	143832	HOT (English ver.)	LE SSERAFIM
track	f452820b2465b3f71df4cf4bf82412103e3ff5ae691c64574ea55b1c99ceff12	196512	Armageddon	aespa
track	242ee9bf0067887886e8a7a2bf4545b474255ad6b185a45656d3762a6da59eb1	140064	Lucky Girl Syndrome	ILLIT
track	2b2f420df7fc93097c72fae9882c5f29293c2c0221b6fcb8311f99c5c3265c1d	137352	Gnarly	KATSEYE
track	e52db5237fb74c153cf48f0bdf0d75be378aa6407954a386e153e180563a5b46	150312	I ≠ DOLL	HUH YUNJIN
track	3dcec565515551c361a7f7055704c1612628c6af48c52c42ef388e2ef56155a7	162912	Midas Touch (Midas Touch)	KISS OF LIFE
track	221ee16c9616b2cd200051cb1cc04f3f7a856c6d7286b336978b495ecb3fa25a	184848	No-Return (Into the unknown)	LE SSERAFIM
track	8b100b704e01d9321dd996df02117d9afbcabe8f5a899dfab25ef95b9a0d0030	201240	Spark (WINTER Solo)	aespa
track	3fc3464ec4f82b22ae9e914d3959cc4764da49cf773123745f5f4f8b85df2a30	177984	Hurt	NewJeans
track	3891d3e2ab2cae35b246f83afbef56208ff583c968f4a01f9e8fdd3715c96172	157224	Swan Song	LE SSERAFIM
track	a5071b0e67430033cb0de4ae4dfb494800d41840b144e86687b70e7cb515a6de	190776	Flowers	aespa
track	edd4a8220b9ec42a96acfc930c6be9958088743df61273a6850faabed5257f66	197256	Gabriela	KATSEYE
track	4ab4fa9b24a7905f0d81c11560d07bcd108547912e9319cf927a2500edc27f66	129504	Tick-Tack	ILLIT
track	2085d9dbfcae15d529a57f4c5c9be9ac0704880e5062d6670ea6348fd9a6109b	166416	Smart	LE SSERAFIM
track	18334c49258090b1cdaf0f16983bd045329044050a140595bd253e8181cd6e2f	176880	Cherish (My Love)	ILLIT
track	3423cd3b52c1380466151b2ffa23b1cadda4779f23f40a7fe94d6ed54e4ee5b4	197616	Rich Man	aespa
track	487a0316129cb252edb172a4c33bbbdfed57cebdf2242c3ad17c88ecd745163d	183888	I AM	IVE, Kim Ina, RYAN JHUN, Kristrin Marie Skolem, Audun Agnar Guldbrandsen, Eline Noelia Myreng
track	6680ed16f88d7c013b4deb7a40ab6ec1d79dd9761b85cfceefa4b2be44f6c76f	188304	REBEL HEART	IVE, Nietzsche, Emily Harbakk, RYAN JHUN, Thomas (Gson) Gustafsson, Jimmy Jansson, Maia Wright, Jack Brady, Jordan Roman
track	cf83cc0a6cb7e0f203cb943d120d9870339356130466297e04047e77b244e903	174024	WDA (Whole Different Animal) (feat. G-DRAGON)	aespa, G-DRAGON
track	d8d6a243fb68f58288ffa6f91ca076a2913b05c40ec991f330be385c57efd2a0	178008	ICONIC BY MISTAKE	LE SSERAFIM, ILLIT, KATSEYE
track	9d3a54ade45dd5029f9b0e9e68ccf9432ab6d2afd7c75fb3dc14d1ca54be549b	164592	CRAZY	LE SSERAFIM
track	2cc89d531742d3a6b9b8a0b0d6bbab0826a221f1d37de10cd1f2f7a71afdf576	164592	EASY	LE SSERAFIM
track	3b8baf29b0df5606857a976a26c31fe0413199b849f4786b6963c3ffc0b6f99e	163272	jellyous	ILLIT
track	141ebab281fb51b7d7db395f8c8c00f58be78dd3387ec8ef5dec280685137cda	173472	1-800-hot-n-fun	LE SSERAFIM
track	2f9b0597a10f58f3e62b9dcb9bb444434c771adbcf0259431dbf02f44d43f344	155520	So Cynical (Badum)	LE SSERAFIM
track	5a1aed27aa0f9a984a1ad509921e554d02603c1415db92dce5187138cd07d3c8	213360	Count On Me	aespa
track	b0b7c95986511617dcbd1d159ee1ed7e205b576aec04d3d744151f397edd036d	192504	HANDS UP	MEOVV
track	4ade626e648b74b055e6bc41b067021ee8ade25b8111338eac508ccfb5d8b198	194760	ATTITUDE	IVE, Jieum Seo, Nietzsche, JANG WONYOUNG, James Lewis, RYAN JHUN, Suzanne Vega, Olga Sundin, Lotte Mørkved, Rollo
track	4eb347c4b519fe4432578d5d1ff82808a611b0c1720d2dba4ad5d72a89127890	165816	KNOW ABOUT ME	NMIXX
track	d9912fe44b9dca3111233a25d5931ad53e4589df070fef8f92bd89eb036de98f	198264	Fire in the belly	LE SSERAFIM
track	6542899c91f174a2c88b569d388c3c254e6111363db869663d9a06f678d71797	154032	XOXZ	IVE, Diederik van Elsas, Emma Rosen, Hwang Yubin (XYXX), JANG WONYOUNG, Jieum Seo, Julie Frost, Kristin Carpenter, Parri
station	13	Revival Latin FM	Pitbull, Shakira ve daha fazlasıyla arayüzü bile dansa kaldıran Latinler.	1789640239243	85a93f3fb91f750cd1ca0341d103214120d70762a0402de78afc0bf4960a1d3f
track	77834792b93d1733e6349f704e4b5d4097d4942edc6f980febbf33fc012198b0	173736	X	Nicky Jam, J Balvin
track	85894ccbcd3be166f2494dc3660ef255a8de3c86592252f2432811e0d2d8e631	144312	MATADORA	KAROL G
track	8eba1cebe1cb7b9170c293e8cd0aa53e2c222af76847a783c27757dbfeb5e666	205200	Guantanamera (She's Hot)	Pitbull, Armando C. Perez pka Pitbull, Marc Kinchen, José Fernández Diaz
track	db5ee8051308f23efb2ada5d920cc61b1199983aa11050e1060592fb227a9f32	238536	Hotel Room Service	Pitbull
track	c50278c29cd3bc95953e410dad28d2d2ef40d38740fa24d20f0af0b9a7b7971b	227736	La Bicicleta	Carlos Vives, Shakira
track	2a323e1b88c1f616ba1eecbcf8d038035518f42e769de94cb1b2757db71989d9	237144	I Know You Want Me (Calle Ocho)	Pitbull
track	5af163ad8ad6beaab1ee901144725d1aa7c6b648f2aacdaef5b944c3afea0a2e	130704	In Da Getto	J Balvin, Skrillex
track	f585f6d5514946be9a8b099562b115ce681e39c9d4928ecf47c08ae4dc1bcedf	245088	The Anthem	Pitbull, Lil Jon, Armando Perez
track	0e8e7b4131d82422cd03a9278727aac5c1ca4c2a84a275b8850b8dd4002fcabe	183360	Esta Noche	Pitbull
track	bca427286fe7755401967e654bf9f8213801af7fbc26d3f6a40b63c184624ba8	188760	Siente El Boom	Tito El Bambino, Randy
track	7a24bcef0d8c240ede3f0095644916a914d337d8930719e258bc6a459596329a	193656	Guaya Guaya	Don Omar
track	7e5e2e54b5f803ebdc8b14a0abbd60a5d28367ff0556b01bdbb7ef84fec13f1e	190680	PUNTO 40	Rauw Alejandro, Baby Rasta
track	56f5624a459f9f6ff5598e81785a90b871434a60364eb5d05416650681820b80	193944	CARITA FELIZ	Myke Towers
track	732625344d4b9bd3a8045c5e0fdbe699942813c78c94dc00f08320d430411040	267792	Salgo Pa' la Calle	Daddy Yankee, Randy
track	b2feba1323dd6d006814cafec75a7755f8ad89edae27b0f7f57d6bad9afc162d	219120	Culo	Pitbull, Lil Jon, Armando Perez
track	e33f29be2ef6ef00f52b5ade17ba29d75ce4012168a4e75d3ccfbc4e684531a7	216960	Maldades	Héctor El Father
track	5e38235f56e96a0ac685f123ec15d2a1856ca4ea612e0bda2ff61f32bf7915cb	176880	Dime (Bachata Remix)	Ivy Queen, Martha Ivelisse Pesante Rodríguez
track	4e43856c9748501ab65c34893b50cab1b6ac99e1d594ede66aeb840b728cedc3	206328	Pal Agua	J Balvin, Ryan Castro
track	95f1f1684d90b6634b93042d4d3df5b8e7dbcff16783182ca7c293600f521770	216360	Temperature	Sean Paul
track	6248608fbaf3e3097c057ed7c94e3aa26158f4a3fba6120ea8873bb0eb86b0ec	154536	HOT	Daddy Yankee, Pitbull
track	ca406bbda7770caca92c2eb3f8b0698e26c8fa3ba09b8fe07c5e7da6e7f79cff	251760	Ven Bailalo (Reggaeton Mix)	Angel Y Khriz
track	887242e3466a421c59fde221ec1cb2766347a6608a20fd33ae62a28c156c7556	170640	Rabiosa	Shakira, Pitbull
track	8b565063803207049e8d3a2a91175ccc20f8e7f0c3d91fb1df53efd33dcbacd3	205032	Dile	Don Omar
track	732af48df006f375d89d6c363394887bfc8f1e6f83933341fec7923510f94ef3	144024	JUMPIN	Pitbull, Lil Jon, Dave Appell, Erik Schrody, Kal Mann, Larry Muggerud
track	8230b8b2e289434b2d28c3164e9b06507ef362aa09af761f413df62bd7a9e870	264720	Besos Mojados	Wisin & Yandel
track	6e1e10471713bb2b40d419826929df428595a13eefe4431fe1d2c649eeda08d6	209520	Ella Me Levantó	Daddy Yankee
track	fc9e8cbece1690c09f03e701bc2dd6f1d4e0b83eac05b03d71d3d3e18bbc35b5	212448	Dale Don Dale	Don Omar
track	04a402eaad92b5ec1f4cffd246a45bd5d2c15842c8a33f5b40592e41e3f9b95b	229392	Time of Our Lives	Pitbull, Ne-Yo
track	820dd28531f51182e924f9714bc50ff889482365558ec35d4040aab9647a14ef	227952	Cinco De Mayo	Chesca, Pitbull, Lil Jon
track	c2dd6c85ed9168223fa5e9103fc31d83b2d1f2597a550e1f5e312de31297c2b8	222096	Suave (Kiss Me) (feat. Mohombi & Pitbull)	Nayer, Mohombi, Pitbull
track	7dcdae8cdf1b1e21fddd898a62accf623f638ad3a7be4c76084700930411af75	200064	Hey Sexy Lady (feat. Brian & Tony Gold)	Shaggy, Brian & Tony Gold
track	1f42f53ab07cae2dccb45da318604171cc1f4cbfec94a920c146c28df41f02d7	221400	Dime	Ivy Queen
track	dc9b2bc7ad3f3a93fd09a7e719c99324d5abceab1b399fe7ce2459f7d6ae51bc	199512	EL BAIFO	Quevedo
track	5fb697b02ee8483be6baeccbcc77905dacff959d64d01cc1d5ad9a9f1bca85c3	185136	Impacto	Daddy Yankee
track	b1f209f89776e115a2d53939c9d00cc6de70c4a4644bf7cbe94cbe67c0f633cf	239520	Virtual Diva	Don Omar
track	02b90a90e6c36367aa093d725fcbe6413b92da0efb3ea674fad447b01ba49e93	161688	Bean, Jonathan H. Smith, Luke Calleja - Damn I Love Miami	Pitbull, Lil Jon, Andrew Frampton, Armando C. Perez, Breyan Isaac, Ernest Lobban
track	e2d51f7cf63700e6b3ea433af091d3603597117e2c7b4294ad77743938a680d6	240984	Pónmela	Voltio
track	49438ee6aaa608543a518052fe1d507d5d157601f9e76b4da2ef3aed40d1e945	284592	Gasolina (feat. Lil'Jon, Pitbull, Noriega - Dj Buddah Remix)	Daddy Yankee
track	1f5586b2850e73d2abc5d99e011fc51d18913a626bff791a0a54253fd9810edf	202920	Na De Na	Angel Y Khriz, Gocho El Lápiz De Platino, John Eric
track	d6129315fc3015b66f73204cdc354356c89ef88ff42630246c82c539ffc1736a	217272	Pose	Daddy Yankee
track	a36717b5cc90fae4dffd2753f15a5de59bc07aede13049417dc722dbe2736f1f	191064	Qué Pasaría	Rauw Alejandro, Bad Bunny
track	ba1a79d4f93e8e724313ff68b8b932687236f1952dd51b842e971813bbc47ab7	315336	Salió El Sol	Don Omar
track	2b84ebdd6b8c0c73a0ed046e0cdbd905049394f90aad8581b32c32b641de569c	245496	ROSITA	Tainy, Rauw Alejandro, JHAYCO
track	cb10d13d55f3ee218fb07a0f72d13d3f027a03f834b1581457c0063eca341c6f	275688	El Desprecio	Aventura, Eric Rivera, Romeo Santos, Anthony Santos
track	1a78f2557727cde3f90bbc39442c37284f0f97d716f3e24a84cd829fa8f6f97a	264000	Zumba	Don Omar
track	cc881985162aeb2d9e459eae928303c1590b8577c026b151698b97c4e4dd5b28	267192	Suavemente	Elvis Crespo
track	8e094acf5c0396df33d5ae9ebe58551ab8407828e3408d12cac427485917b47a	243936	Bailando (Spanish Version)	Enrique Iglesias, Descemer Bueno, Gente De Zona
track	ea3d5d4152ac052cd684073f43eb2a9da9820297eb24082e125123718ff2747d	276024	De Lejitos (Remix)	Jay Wheeler, Omar Courtz
track	de20b9c6b2bdb448100173c61608f67a2e3872c5d1db21e6dbe622695423778d	216600	We Be Burnin' (Recognize It)	Sean Paul
track	6c853f13cc09ccfebb646fb8867945cff12fa414fc60da2e9ff35ce96c2c351d	208056	GATÚBELA	KAROL G, Maldy
track	aac7f81e9f70cef5a536f43d7b4a039b6dfa5b95d1bf4e3903d0834513435934	204816	Bad Bunny, Benito A. Martinez Ocasio, Roberto José Rosado Torres, Marcos Efraín Masis, Rafael A. Pina Nieves, Hector Lui	
track	76ff30d42f720b59e42c406f25c806bef3bfc44c0d59a4269f148ded32c80bdb	171600	Tumbando Fronte	Alberto Stylee
track	1c70f05620fb29debeddbc13aaac121720d4decd4a28164c87117b6e2388b1fc	232272	Hasta Abajo	Don Omar
track	14d0b9b4a98a7f7d1af02c880bf3c4f18ff6f4a1dd519591ffaf6883c6919954	195936	Vacilar Contigo	Ñejo
track	953138e9e85adadf3a7d1e865de0415276209a1f4db1f93f4a2cc0a7bcf0b5e2	188664	Rompe	Daddy Yankee
track	a4875fccf5ab12f8695e9c33571487f0be13f00af1d3b643648cedad3eb0615f	214872	Shake Senora	Pitbull, T-Pain, Sean Paul
track	ab4a798cd3b71501cdb57c006ccb02233510f36d071fec94a29e6a25eb0fb135	195864	Chantaje	Shakira, Maluma
track	59adbab4456bd0ba0043eb044d292abe742294a300bc6fdcbf804e08808505fd	241008	Oye Mi Canto	N.O.R.E., Daddy Yankee, Nina Sky, Gemstar, Big Mato
track	02a3dd590b697ed288f6debfc31e03fccffae21f211cab2ea853902651931c2d	216192	Yandel 150	Yandel, Feid, Joan Manuel Ubiñas Jiménez, Johan Esteban Espinosa Cuervo, Andres David Restrepo, Llandel Veguilla Malave,
station	14	Revival Opium FM	Vampirler sahaya iniyor. Sınırları zorla, kuralları yık	1789651269860	aed4802ea54831d10395875ca4999c00b25820442f07c839e82207cbb88e8c15
track	2f16766f47d582fa150c6bc651f039d3a0e9c949b1a78b4ff7af0aac3ec3cef2	154440	Vampire Hour	Ken Carson
track	5e46ebc3044b4ce76ee12cf0430886cce39efa999db2ad2542175d8d715c2b7e	166272	Over	Playboi Carti
track	95801dbcf9ce6e6837ce4a0aea5df1a413bff84726166051417845e060251a8e	161232	R.I.P. Fredo (Notice Me)	Playboi Carti, Young Nudy
track	a98f8625a4f369d6059e57cee3f4cb165e729fafc3a6043d5c713a4edb494ec5	105528	R50	HXG
track	972940c666ac4daa81e8744be737b44421fb4a2f37e4a26c855bbf13a2424f0f	115536	Going Schitz	Ken Carson
track	368c6774f216a83b4f244ef7dcef027945b57d3de1e30d3e56aeb9a3d79506f1	170208	Still countin	Yeat
track	4a63a03b5bc42e79d6659e346f7dfdce799d8cf2f4f73c5a7f9c798ba8966e4e	207048	Right Now	Playboi Carti, Pi'erre Bourne
track	90e0d94a87cd4c3c1acc78482269cdf779a15b83c704bdad990e19b6bf7764e8	141072	overseas	Ken Carson
track	da04d3b0cf414c4319e62bd0a70fd8aef44c4539fea5b5abb9e51e220f907d1b	186816	King Vamp	Playboi Carti
track	19b02cda0f74c4a9c9931869c81ad23eb90778da62aff533e1063930043f9648	128040	mewtwo	Ken Carson
track	0951716053e34a1120532449fa1ebf0b603c21f2eef5fdb31f700283cb6ea33c	119784	Go2DaMoon	Playboi Carti, Kanye West
track	85e6496a5555b32cb5a75d11ac36d0e4aceef7fd430cadc625c18205fa9bfc2c	89784	New Tank	Playboi Carti
track	6a5d6655283f2469f681fee750359e903d32e20e043d4d42697b912c4b4ecf2f	137064	Middle Of The Summer	Playboi Carti, Red Coldhearted
track	a990989859f4a871cd6ff1645a39ac9e601af45a60f0e73460c16f1db72f8f64	141120	more chaos	Ken Carson
track	13a2987f71d35e99be185987c4b1b8ddac22342fcad73e7fe9751a2f18509d1c	153360	Beno!	Playboi Carti
track	61090db530b5ddee848bcbabb44219268de72aeba96cc043f1f1a799e7b9e79f	139584	Get Rich Or Die	Ken Carson
track	704b4354aa44a2848c077a817f4314b478d6f0d1b9b5d156e564f91204726d4e	193608	Rockstar Made	Playboi Carti
track	ea5ad073d71574c4b0002e8b9aaa94accc55358a9f1f86e0f97307ff531834cf	130344	Not PLaying	Playboi Carti
track	57fd9e7029ab2e026b4fc1ba0beade68b9b056e80a14f7226e5f51f98a7b1eab	168432	Fuk Tha Clout (feat. Yeat)	Kankan, Yeat
track	d922d9e9678818a48e9f2fc9ab0f99a2f7102c22992291d9c808279aee423f5c	106560	Yale	Ken Carson
track	6297e6c7518f142eae3f972d045cffd485941f57c91c977cd0aa6172fe3c03be	88584	No Sl33p	Playboi Carti
track	81e358884b6ac5783ec21d790d3473d3dc33c4c30098b46005e70735fec3126c	165456	Delinquent	Ken Carson, HXG
track	f3ea1675dd8a48e14179d24190ea9f09d41fdb8381f21e74380b81b13d73294c	212640	HBA	Playboi Carti
track	0ad080ee149fa9ef1c7fdef1ff4fcf946e5c62b4626db3c09a282159b298c8c5	103608	Geeked	Lucki
track	e985a75ea1efff83e64dacec3f0a1c11b6ebdeacbf9470500268f8dbb68c621b	80448	Out My Way	LUCKI
track	55d9017e4dbb66b69c9637e4aa0cc0c6bb85bdf59e4939b3e7f3b8805b619aed	145560	Already Rich	Yeat
track	e19d0457f7cbcfc25c79e17539e43d31db27181692d17bd7015bd39fc15c3d1b	126648	Penthouse Shordy	Dom Corleo, Tyler Stinson
track	c27fbaab081f7e39b5c0261cef9fcbc55333d94dcf47ea03741a97d1b07a039c	117264	Place	Playboi Carti
track	83967a6c6c4bc5505925d4d33ef337b4e61932dc1e1a0f1695f10349ba2e75c8	176616	Murda Musik	Ken Carson, Destroy Lonely
track	a3fc3b588b4fb42b7701c35927226c13198be2f05c1985c1c169b685da74ae5f	158544	Jennifer’s Body	Ken Carson
track	7d556319f77badedd6c686b0ad099da0e0eb1260e9e42e98fe919783ca10d8dd	228360	MDMA	Ken Carson, Destroy Lonely
track	380008acec2e89261a2f71914fbb29b65209c3753d56905c055a3cafe6c0bf16	234072	Me N My Kup	Ken Carson
track	731d4c4aeb51f212d510a5d31d8f749e0c2574073a81cc47a4110900889f47f7	229728	Punk Monk	Playboi Carti
track	b7b7223024e48ffaf1727b41390a2267e1f2f660e33bb4c8b4c52afdb726a3b5	137184	Lifestyle	HXG
track	ea5d80210cddd754a8a588062ccf0341e0f5c8ef37ceeda4d65f28f269eae3ee	100488	5unna	HXG, R5 Homixide
track	3bfc9b8ebc07f1e2a5dddfb3dd626a75f8705b660824e296c865ffed804e5974	165672	Yah Mean	Playboi Carti
track	d88a585903bb3b639ba9e4554d67b9852091f4be8298c13cff92900aba65a4ce	194256	if looks could kill	Destroy Lonely
track	32224b02083021b6fe91fc2186b1520a32b2c5922625c4226300761dac339db2	184416	ss	Ken Carson
track	cd1d3f74c81a31093c13a6a37daa81537a78dd10aafae5d7fc9f30756586085d	148800	i need u	Ken Carson
track	7086bc36bef575f20aaf2184486f921a967e058988038f2ff520915d46a3a10b	131448	Clutch	Ken Carson
track	a16fda38548b5d0611149654e1c7a4c48f3e57314e2fa0b8a121a174dcff2c95	149928	Succubus	Ken Carson
track	674c83d501db3458ac8e1f90e7039b35055b668de501f7c5ad0b0ca244812f4e	210288	fly sht	Destroy Lonely
track	bf1b21db4a580d09e152ca32f7313ce98f113c6770c1ce84763d34292022c7ec	124128	Vamp Anthem	Playboi Carti
track	b4c58e264f6b04eafa67ac3c7a92a4d07354689129301a1c80c1c03327b92dc2	157728	leather jacket	Ken Carson
track	8855027e38609928ff9786d43e6780b6b1e1edd87195dc482f98d67440afb698	188736	Green Room	Ken Carson
track	76d2baf90f37a5b5f4fd87f93c374badc58741b99fd8f3c1d5841b798c150c73	180024	NOSTYLIST	Destroy Lonely
track	fb672799d3e9203dabb7c81ca78c5be9ffbad5a1115fd4f1f3efdecd3ee54367	187128	00-MEGA	HXG
track	16915de8cbbe040c252ed8ba024a4d53f6ddc8ce495d89b93a3c7ff76a088f88	236928	Miss The Rage	Trippie Redd, Playboi Carti
track	51589070fd233e1e085ef8a3a8f6422789b5ccb9eef80de79c76c0f3cea3f751	119280	Teen Bean	Ken Car$on
track	0be6ae731cc4abe1d24fa6b58ad1160c41635f998fd9a498d199f5a984bd262b	192912	Rockstar Lifestyle	Ken Carson
track	0556a62c5b83be7f0b6bfb80d4ca9b2d31e19c05c605976b82197b748c628c52	142320	Freestyle 3	Ken Carson
track	8bdc30a9b0b076d7461311d8f7c20b75a694fe7648311a495dfe2d92607524e4	135168	ILoveUIHateU	Playboi Carti
track	901308f3e774f55309b32159dfb1c9c83cd06f7cb45b9e00d53bb5ec53fcb0e2	102456	On That Time	Playboi Carti
track	50093648f08d666e200adb80d25e368e93aa702127c37069112e601c1ac066ef	93912	AP Skelly	Kankan
track	aba4fe2913c4cbaf966be86e70a0719990167e144c9fd09e6778a7134028ec03	121008	VTMNTSCOAT	Destroy Lonely
track	a1dd0324e51cc6f862262e37edb5a1b0d0d16977301854f3ce32ce7e59ee9817	272400	money & sex	Destroy Lonely, Ken Carson
track	d85c3a5f5aee770062739dc4c66f2bdb42923c20730b1cdbdfb81e757a9d0031	106656	Overtime	Ken Carson
track	ba6d448cd157c89639b4fbf9120071645087bf74346d47761d1f8c1257ff0194	129744	X	Ken Carson
track	39ac1401e71fe6945c5f03390c3210a366695cea4c2d814f0dfe3d3f3742a492	183960	EVIL J0RDAN	Playboi Carti
track	e2f09ae07ddca2f835ee6c6a7ccbe39a10db3096af7b5d6d63ba3409b0b02cfa	150456	Let It Go	Playboi Carti
track	31bc9f6ea354bbe351cfc110544758b1faa516c29bd372662f988d83271e2d9f	140856	Lose It	Ken Carson
track	8c7238fc890e273b7fcc116a20f9247c20996b1c8a5de52d8aea535c3c77beb0	93432	JumpOutTheHouse	Playboi Carti
track	b2b0a2bfc9ac5a2c41d0971a960476fa334237e44ad3c0655a8bc9dc48edaf6a	128016	Paranoid	Ken Carson, Destroy Lonely
track	14ec43d3bc5539f02fee2f048b083b4f9c3d310abaa883c7a3abc70ab3c52ba4	144024	NEVEREVER	Destroy Lonely
track	5f55a9f14428de5ba3ec1d8459b62146ddbb4123b918d3f5213446993539cffc	165384	toxic	Ken Carson
track	a22b5a8cbf52c709b297cacb081f825d249ac448ddc670c9f45fc7df32793107	164616	Slay3r	Playboi Carti
track	698a7bbda86ab33fe998bf74b2ebccf9234eedef6080d2b62f43ea23ca1c1ac1	186792	loading	Ken Carson
track	4f0988f2a23f04bcaec04f8e5a9d395b4555344190abea5b5e71f9824329a535	218976	Stop Breathing	Playboi Carti
track	0dad25e7b2f9bc5388c5b083baa4ef419cecc06bdb735b2ba0abb87b39a3e82f	244416	Run + Ran	Ken Carson
track	7e1b8a4cfb7971580ec436fa6b6391d797e795db5c3938e0084d52fb02498e06	152568	Gëek high	Yeat, Ken Carson
track	6a5d8d1f29065c6daf6c664c7ebd7f9d8400c955d7725b1b93a9d861ffcff8f1	105984	Uzi Work	HXG
track	3f3a86062f7d16bb74c47a4d3cc7a1c6a0d521d88136fffcaac0a118c732434e	187080	Nightcore	Ken Carson
track	6e20747ecd9c7f802f723afd8449a2a330ecfc0e6b07ff7bfcbb6776ebdbd649	124608	Hardcore	Ken Carson
track	56afda12b8884c757e3371a5b040998d0641dd02846f933806f54e8c1f5bf1f3	150432	Fighting My Demons	Ken Carson
track	82e1b07b715a3cf89563349bfc0104e90e6a246707b4d85c186ff33a62ab16ee	182832	Nightcore 2	Ken Carson
track	57c78fece9df56721be4d0e4106b5fd99fe59a09825690054f005288f2636acd	151608	Singapore	Ken Carson, Destroy Lonely
track	ba3b2249cac58e9e8d2b02ca7404d10f7768ba2e72761a923e145ea699cf5f9f	176352	VETERAN (feat. Ken Carson)	Destroy Lonely, Ken Carson
track	2c2b5db112429101e62fdb4194a108cbbdcba18d9c2f3a67dac672ee9e182dda	154920	AINT NOTHING	Rich Amiri
track	3e9ae4b53ef92fd8c31ed56c9895938522fca1a4b0b4542fec7e3211047d065a	211800	Long Time (Intro)	Playboi Carti
track	a0db70f83d723576f9aabd91c3a40928b0da1818f54750f1250a6a147c57f98b	116568	JETLGGD	Destroy Lonely
station	15	Revival Rock/Metal FM	Revival'ın en agresif, en gürültülü ve en tavizsiz istasyonuna hoş geldin!	1789636243320	68fff107d6ab77c596b2c6e6ec3a1c4f5740e294b2895bf42c55dfaedfd0aeb7
track	2ebea113e031adaa5f776e545bdbf66e9fecb7095749d58b49cb4ef023de1f1a	231432	Animal I Have Become	Three Days Grace
track	a4f2b9b4684ec91c462f92d275582751df6abe2cc222efd601f1110e11d2af91	305952	Hail to the King	Avenged Sevenfold
track	214adc8e813bd77814a25b596e0d018bc5a1c434341ae0989a4c2d218b78bac3	235920	Bring Me To Life	Evanescence
track	447307498f8669f3d8cf47ea0d2fade0d38618ef0cd985e026d13185669c5cea	273000	My Way	Limp Bizkit
track	57e16a6ac15725b04b9728843c06493789667b96fbfca6b56a0c16f429788741	162144	Faint	Linkin Park
track	4274068b781ddbdfed1b38ec083972d035b7aea9d02c6d0ae5ceed04900b04c6	261984	Decode	Paramore
track	0f0f1b10162f15b9994535df833d4d15ab7fdbf7f9d9ddba8698a7cedda81112	261312	Boulevard of Broken Dreams	Green Day
track	17c70f87d909ac71ea6321fb3523cb6ffb7f5c7acf70e1d1ee8134dd1221c5d5	247656	Hell Yeah	Rev Theory
track	e9575a66df3d9e04ec894c52b852d57eb48e63b4461cae0524a26a75d411de89	212280	Even If It Kills Me	Papa Roach
track	33da6fe636df61c4a5dff6721d48aba958927880f1572580a4c8a81b458e97d3	213960	Somewhere I Belong	Linkin Park
track	c941975a4ec7b48a9ec510aea6a4af0b104ea56eac7af8b1e8c9948c5d7b2e9f	204384	Whispers in the Dark	Skillet
track	4ea5468555093328fa3ce95af6e0789ae1e18596bd8b352eb1e274b063744af6	255120	Carry On	Avenged Sevenfold
track	60d96915244ee1691dff51dd48b7c0d40a6510e80cff37ecb3aae833d2b81cd1	315936	Children of the Grave (2009 Remaster)	Black Sabbath
track	247a3f8a0f3a03244716da9e62717ff35700ddf946a6638b12bd34a55d53ebb5	476640	War Pigs (2009 Remaster)	Black Sabbath
track	cd575e064f32411ecc4f0e2ca199a3cbea5f0e37bc74497688c27ca29ae15ca8	348504	Tears Don't Fall	Bullet For My Valentine
track	888c73481deba0dec409d5111d8bbb1ad83fd5453942cd0bac30d7452ebaed36	175536	From the Inside	Linkin Park
track	b99253d99f71264767ea5b1b50bb29ee307d3458a02ebb774f2bb5bedd561a3f	182160	...To Be Loved	Papa Roach
track	bfcb2ec2da5018ed211df6d4b1a3477feac62859a916f36a20fd999c529d8ae8	312384	Battery (Remastered)	Metallica
track	4299d528cbd2356e359096099d2bbae5e3a42ce6f7cc940771206d4e2ff57a03	447480	One (Remastered)	Metallica
track	ace9cad9b6a55634561fc1815741fac77ffaa455e0535239c73c52d250d9d696	331608	Enter Sandman	Metallica
track	44a2b249004dec0edef5cb32faac5cc7df0a0c26347d87f24ef39397a49117ef	515424	Master Of Puppets (Remastered)	Metallica
track	394b2f8885cbb70441a1e8b2977e8c525df1789a8ac7988f0f9f354056c16230	198384	Ugly	The Exies
track	3eec910f1fc8c5a0e5d77bb1723234228b868af452b717e930dd2d0b1c7cb1f4	186840	Hero	Skillet
track	9eff441467b82f985285b8ed25c41480416656a465efa6f8507f5ca48c1f8c65	189696	This Fire	Killswitch Engage
track	dda88fd5784cabf385edb38c24ad196f99a194e9d930cadfaecd5da4eb42756e	231600	Inside the Fire	Disturbed
track	f0466cb7ffece200748ba51928240d382b775ee22b1eba9e4d6e1440fcb57e56	273504	Welcome To The Jungle	Guns N' Roses
track	d2dbfaaa5693ae1b00d743729eeef7ef248a30211d664e603994bb04cd3ac881	195912	Everybody's Fool	Evanescence
track	5553f46198a8c0487d13db513b15b4eeb96624d3f1c0b96103e740da808b927c	177096	Bulletproof	Godsmack
track	35b1eaa2566f84c84b7900c6bc2beb12c384084119320e584ab451ba904c3a2d	168360	Ace of Spades	Motörhead
track	250d3ef67f28efac6dbb8910c0c134189214547540bf71fd3c7ff0e7d3b75129	356112	Sweet Child O' Mine	Guns N' Roses
track	adbd2fd878039b42ea5e7f6c818370c4026fdbb2252b893a03883d19ddab3947	365856	Painkiller	Judas Priest
track	2cb2934c5927998e601ef33d0d3058fdedd55205a25a346be960e72c770c90c4	245256	Stricken	Disturbed
track	7059d0dc8c80f00f0fc9bfd1c3d316cb14788754d395456c80169c85125df31a	238872	Sickened	Disturbed
track	d795aa363c91e6aa80c0dd6021ed97a8256c119440fcc6c8358a57052cf345dd	374496	Nightmare	Avenged Sevenfold
track	47479c4049ff3f14f584be1762d563fac1615bc6706f20b524b4cee76390fa5c	323832	Shepherd of Fire	Avenged Sevenfold
track	80f97637600261a95a31de27ff97d795295a7d141eba6a18a00257c5031868b5	369336	This Means War	Avenged Sevenfold
track	3d55f8c29d848d11cdf0980c6b52b172f390da4be81e6c49df503c8789f135de	205440	Another Life	Motionless In White
track	ad8c22c2ea7c0a54aa39286d8ae030a94d77b2e010c80bbde6bff2676181ef15	259992	Metalingus	Alter Bridge
track	a44d7c6bbc4d33b73446389051de21d6bb3fd24fd8ed8e377eaad747ec56947b	157368	One Step Closer	Linkin Park
track	dbb850e74b911a374d8a33831fadc85a7e0ea59e7ad7cf1d95913975b9baf29b	200184	I Am Machine	Three Days Grace
track	d8d17305e190c5604f2cc6f73955f96c9df45be37b7f0066fe75b75b445a2b1d	204624	So Called Life	Three Days Grace
track	f68023d9ad7d62630ae09d6da7ef50436bfc29ffd3490cd29eb389d056e136c1	209088	Supermassive Black Hole	Muse
track	5f08a96a4d1f496ed0b1c34d846230e56716f264a2f288fd859774af41e179b2	271944	Aces High (2015 Remaster)	Iron Maiden
track	7a1538864f004d9d5f0b4da02238b2a7f671ed0c1f1e6abfe6420be03d76db5f	210072	Falling Inside the Black	Skillet
track	36c0ba56e393c6eab14dde249377a1d851c52cd2bda80081233f3acb38730563	167760	Paranoid (2009 Remaster)	Black Sabbath
track	8745a7ffbf754e68fe341853a9325b9ff8d9af28d2002192cdc46e612df05526	354936	The Other Side	Alter Bridge, Mark Tremonti, Myles Kennedy, Brian Marshall, Scott Phillips
track	5e704f8ead6cc1c7c6e9a6e70b8c98f596ea6322366398a899c13ea9e4ded954	294576	Cult of Personality (2023 Remaster)	Living Colour
track	ed6066ee472f55b9923bb206689fb3f3bbce6bfe851058a35778667482bdcafb	184896	Papercut	Linkin Park
track	ed4708cafefbadd9715c86d96eb1d47a0958cfa534536f0b8afe72471e76ddc0	281592	Here Comes The Rain Again	Hypnogaja, ShyBoy
track	d17855226b7f258b9e36ed8c7d4d8741f4ac9f955dffddb5a1ec6dee6b76e52a	278640	Before I Forget	Slipknot
track	4591366954ae9a7f6cb0595f953a50d045044695611a18166167e7682cea9207	260832	Unsainted	Slipknot
track	3a54b08fe8f55bb4a1c4e1bcf51fa2a877f1003430f653cfd11a8463b058da83	218496	Breath	Breaking Benjamin
track	3abab4266a17d7698a76e4daaa652562ae08bf9e8a182e48bf1e0f6e7b179c42	202944	new way out	Poppy
track	1606455423236c2092407bb5dcd61ed70bc7c9796e73cbe03b267d5374ddb6a2	201984	Bodies	Drowning Pool
track	4392b652214a1af51413affe4ecbb3120566f7a1ab9d834efe30c467fb336092	278064	Indestructible	Disturbed
track	e5837d596dfbf21087eba805ccfb8641fb555dbfb54bc0cdb2ca5c0096ff5384	405624	Paradise City	Guns N' Roses
track	71be241fe596359e6005b9a5f060d350eb342c32ca1a7b7995a6e12eed1f6d26	324600	Sad But True	Metallica
track	9c35f6b0d1434baada62b988a2783240b9ce73a76391b7baf21ecd98404de4e0	200592	The Diary of Jane (Single Version)	Breaking Benjamin
track	add078fdbb16532bc408eef4972cfa977694f011bf0aaf4432f55637d2060dae	209520	Awake and Alive	Skillet
track	7d6b2cb00213e1124a1493862f6d905a3792da2613750936f28f0105796c96f1	184680	A Place for My Head	Linkin Park
track	810d6d2ae916597537c6e0681651432b9c24a49a2ccd46cc2bdb987be4a6b432	212064	Ten Thousand Fists	Disturbed
track	3e2550000c01306094314e4ea5a71811288b4fa8ff26b0fe54a99b8556dd57f7	246768	Symphony Of Destruction	Megadeth
track	64fbb814c4095eb3cba706fa23ddcfd18b26ee1095792fc0e4862f61301bde3c	380424	Black Sabbath (2009 Remaster)	Black Sabbath
track	3c367b20e6a2bcab9f4855ec582f45902131ff6f9ec835f9e1c4daee710bd411	212376	Burn It to the Ground	Nickelback
track	c72976a5f76c5de8ef1e5db2cc4801e450dcd706b25efc2486a0916939ac536b	232104	The Resistance	Skillet
station	16	Revival Türkçe Rock FM	Mor ve Ötesi goller. Türkçe Rock'ın altın çağı burada.	1789649604602	bedd08165a2dff17a96480aca64552ff2e06ee8b419a88cfd6aebf881b8131e6
track	5895ccd08bbf46df035630335cad4f6ad6dfb98e22bbb31aa9c3780baddcaba7	333672	Elfida	Haluk Levent
track	04a022fe6ab7cbf2572d06d0773c2d834fef21c217fbaf35bd83758d75a596d6	163488	Belki	Dedublüman, Mavzer Tabancas
track	bf0a099f692f7d8d33b4491c4f4c35431134c487dacaec369f5f068e4c0b306c	275688	Dokunma	Seksendört, Orhan Gencebay
track	6771568ddd3151a082140c4d7f6c0829b382a9073f14c80f90579088588550c3	221184	Serseri	Teoman
track	2e623404049ebe7540eff67210bb7c14e781f1cb50c5433f95d17156781220c5	269544	Belki Üstümüzden Bir Kuş Geçer	Yüksek Sadakat, Yüksek Sadakat, Kutlu Özmakinaci, Kutlu Özmakinaci
track	16e507e869a554a13e23662c5906a15ca4180418b74699f9ec9885ffe6fcfe26	228552	Dibine Kadar	Duman
track	d91ba8a54e90ac62c9201ca4e7b60f0b7bbbe907d87d49e00eed80df902814fd	267120	Kendime Yalan Söyledim	Seksendört, Tuna Velibaşoğlu, Arif Erdem Ocak
track	e779fc26c4628377b58d263756426479889477ff050e756ed704547c6dce685a	229536	Sen Ona Aşıksın (Kabullenme)	Model
track	78b520ba6d65998b75779e4b666e60c4bfcf929f9d9c5bb7a7a2b7dd1c3212db	199080	Mor Yazma	Umut Kaya
track	693b22a643467a4ecf4010e84a5340d32f6b2f835bc101481a6ed0c7d593c40c	222912	Her Aşk Ölümü Tadacak	maNga
track	2393e3e0f8f4878ff8347eb477bd61fd9c441325d7aeddd1a591ed72e8042cb0	250464	Haydi Gel İçelim	Yüksek Sadakat, Yüksek Sadakat, Kutlu Özmakinacı
track	0eea627dc88539827953d41df3d3c8aa682daa00db46daee2bb6e567ce9cb09c	238656	Bir Melek Vardı	Model, Model, Can Temiz, Can Temiz
track	fae800c5df3627d67672954e9c07a4ee628c48faba829b944cc68a1f6ccb562a	275352	Anason	Zakkum, Zakkum, Cem Senyücel, Yusuf Demirkol
track	3c92bb06278326e77c4d82bb23e60a52f18acda0b99efc62be52fe7fa86477de	295896	Dursun Zaman	maNga, Göksel
track	3223558fe91f08f303f6121bdf205cd881fb2efa1e4aaf8f59d76c65d4b25fce	177624	Yıldızların Altında	Kargo
track	b374b7eeca5f1941e8b6582fbb4835785895e8155ab2b0e70cb05f589568c031	262104	Böyle Kahpedir Dünya	Gripin
track	9fb2390e42deaea23702ea1f8dee7d685bce9ece9e4c7af77bde12fe69b06cd7	287952	Olsun	Sertab Erener, Sertab Erener, Can Bonomo, Emre Kula, Emre Kula
track	6606051df575cbc298a842b1e511899ab5b3cd339546f288c9d57744c14e313d	246864	Ağlamam Zaman Aldı (İnkar)	Model
track	8179575ad3e94aa6394e1f1fa91989fed90010788888359de829ee959abea10f	283368	Hint Kumaşı	maNga, İbrahim Ferman Akgül, Yağmur Sarıgül
track	4992054dc270061047fbf9d34796d0cff165e0d47ee855f380c1b0b091dbeb2d	248040	Bir Sevmek Bin Defa Ölmek Demekmiş	Barış Akarsu
track	0c51e9dff077b1b186fd0560ab02ebf23e473c709f1754fd22b376af37a5a396	195048	Gökyüzünü Tutamam	Can Koç
track	4f0820edae64d4cfac2b8cafcdcf4a4fcb96f4ed3446eb2d854bbf368311298c	255528	Antidepresan Gülümsemesi (Pazarlık)	Model
track	8a7116d275560838ed89bee1a988576cbe04026f36814f15bf1921d6b3397d8f	286512	Islak Islak	Barış Akarsu
track	4fed6aeee9a6231c35f4e9d9a2bf8ec49d219fd7c53c5cde967928c76c39c944	175704	Bu Akşam	Duman
track	19018bb866ce3e509d40b8087011186ebef235325b3f86ae6c9f7519c564e938	232560	Paramparça	Teoman
track	fb3b8c49f8d49ee016a100813192843b6df1e94228f00abe68487f319fa34215	214272	Anlat Ona	Yedinci Ev
track	7e7da386704d80d1d005f2be0a09e0c4e67ffdddca79e4487bb1bc8f340f9bfb	204360	Bir Derdim Var	mor ve ötesi, mor ve ötesi, Mor ve Ötesi, Mor ve Ötesi, DR
track	2047b8bb1d104d1aa21b53f4ac07352dba9120f587725f65cbd0d8e430525903	321192	Güzel Bir Gün Ölmek İçin	Teoman
track	a666caa6a537ce3bc1a7762878978fe0856a40259f91fbcab6e307054f0d4b54	251400	Yürek	Duman
track	9d284d92c13c4833e3685bc30f10b24193f4c3d64e604768fdd6161a116f61e6	297240	Aşk Nereden Nereye	gripin
track	c1f9078c43581059f5d8ebd18fc19d3e24982ab553d13375f8696a2b2163e75f	301776	Öyle Dertli	Duman
track	5c65845c8397275fbde9d70c22938fa25c2335b20729368a034154d855f9eca1	242208	Seviyorsan İnanıyorsan	Duman
track	8e83a797a008c80eced5207cd8ee38e475e698d6ab9f4493a52122aa0cac0289	313680	Sil Baştan (10 Mart 2007 İstanbul Konseri)	Şebnem Ferah
track	a718864c630bf0bf9fd0d646c3368ec975f1c08d1776b9c4424836997adc10e4	231360	Hele Bi Gel	Pinhani
track	df940a1a866f4fb7a1195621dceb9d298a69f08e2d02b54ddfd0c6eb50e0ebfe	288720	Hayalet Sevgilim	İrem
track	e7895e347f42c05ddf384574dabafb235b821cde43ba1632782d6b3273910aab	230640	Cambaz	mor ve ötesi, mor ve ötesi, Mor ve Ötesi, Mor ve Ötesi, DR
track	c7b4236c28e472844993ab1da248adce7603f67e3e447eb2f3a090ed371b2ff3	272064	Cevapsız Sorular	maNga
track	ce2b8a8b2e3765d786887288ab7df7a0047a426de5b3c0591a638db722352fa0	295104	Kupa Kızı Ve Sinek Valesi	Teoman
track	c979e6da15482191cb377375fa362c74cdb42739c4adc820a94ff4ce7537357d	278664	Meyhaneler Sen...	Gece Yolcuları
track	824907c6a4be0d445a30d486526d6f22e7e38ce26c8785c11e6d72d94d4c510e	239976	Bitti Rüya	maNga
track	28b6390f22572ded18ba4dbce206235d907105e0d81426d50c56c15c17b7f8df	215496	Yine Yeni Yeniden (Yeniden Sev)	maNga, Onno Tunç, Gönül Aysel Gürel
track	1b421c925d29062f6ad19e08b5b98b968efed680e20d0afb914ede6d458ba642	267744	Değmesin Ellerimiz	Model, Model, Can Temiz, Can Temiz
track	6ef311250b49c373ec678925b5e26291dfb254fba3a17bc9689e911fef0dcc2f	226800	Yalnızlığın Çaresini Bulmuşlar	gripin
track	edeac276c9c09053f7d5986d0be15f0d608640c9c0ca7e54ee8656f3d4f054e2	270312	Her Şeyi Yak	Duman
track	c8027eba1d321477b531059269110b5b242367bb1c5a076a5b8d0358b2d2ddd2	300168	Yaz Yaz Yaz	mor ve ötesi, mor ve ötesi, Mor Ve Ötesi, Mor Ve Ötesi
track	6094a9f7392fb030bc6d134aae943e1e00c6e42996284b90992f3fdb4969439f	277368	Oyunbozan	mor ve ötesi, mor ve ötesi, Harun Tekin, Burak Güven, Kerem Kabadayı, Kerem Özyeğen, Harun Tekin, Burak Güven, Kerem Kab
track	64aa9073d640cfb3d4b68b7eb177a08f25d1ae97f965430eae9555c391339d8e	274104	Pilli Bebek - Haram Geceler	Cem Kısmet
track	a35c7015017af6bef074089717399cc2055b72c14c431bb9e421928db771a429	277752	Olsun	Pilli Bebek
track	f5a7a5f08377a683e7555836aa37c8fc4f1ea26309e25767fd6b4119ae3b67cd	268968	Işıkları Söndürseler Bile	maNga, İbrahim Ferman Akgül, Yağmur Sarıgül
track	89382f5220dc08623e5df03992985a18a5db5a2e880f2ba269465e0d4e3a59d7	242424	Anlayamazsın	Seksendört, Serter Karadeniz
track	824d102a6b342b0f4b4d5e1ba8d6057ce8c5c86024d91dba1a7e749c62b2c518	287832	Ölürüm Hasretinle	Seksendört
station	17	Revival Ramm FM	Stadyumu ateşe veriyoruz! Sadece Rammstein	1789650453737	c1b1762009c8393315afe6abdc208eafd72cbee8cd700d9c37d7058786b27687
track	f5f3b25620eb50454457b16e923250513ca2c178bc68f2378d0cba33b3d08ce5	270528	Rammstein	Sonne
track	0619bfafea4ffe3aa732451d8b81e033a6147e150014c0e4999ade7fdfaa5d6d	274152	Rammstein	Mein Teil
track	0b867be33c9a4b9b7ebd1d917c90d802d0b1845893983a1bbbc57936e9b7b032	243288	Rammstein	OK
track	fd509c31a085e8c14df78b0620384186895eab1fc23d93f1c84a14b367a355b0	273319	Rammstein	Führe mich
track	ad1cfbbe5210553309fda523b4e4aabb7a06139276452396bc35cac31f239d43	188160	Rammstein	Giftig
track	9de40af259032a2b97e663593d3b4be1396711d1f8a4a200a66ade3a9095c631	285720	Live - Lindemann	Home Sweet Home
track	494366b2f9d1aaa9f63997a2535af6b1b0891cc9e49fe20e8f0d76acc61e2527	216792	Rammstein	Eifersucht
track	bdc0abde6e7510b524592b1c5a0d0b8cfa2d8e3faba30f702aa62123315839ac	216912	Rammstein	Links 2 3 4
track	79d36d7e709aa652b83a7d7064566e1938620155e2747adde13e2b60c861e6dd	248400	Rammstein	Mehr
track	7d57d7c22f63a690dde3de113852e74a37fa45e042778da8c946baa04db56f1e	220080	Rammstein	Weisses Fleisch
track	69564e8ac5dbe2983584c1eb1d34912aa00cdac7715f9da64cec37fa4e4043cf	273792	Rammstein	Puppe
track	787c92a38c778e892f584b3380acaafb1fe756987b16d4de472e74f719485c0c	264864	Rammstein	Engel
track	ee5a0365e3a91c0de263987065939837b4a00c49a4b36795f1d0c5fc8c7c3919	255408	Live - Lindemann	Gummi
track	e2b5648cf94a73da91fd3d5c1fec0098ca8c6ca8d7389e117a2a46ba0d48f012	252072	Till Lindemann	Sport frei
track	22f2982db3e9f3285fb211f66cff0c4c6ff1a3230fce06ac8ea6276fe846034d	224880	Rammstein	Angst
track	e47eb839ec3de99e7aeab64684b68274d69906fb7181844e55caa2f2b8ca3503	232632	Till Lindemann	Du hast kein Herz
track	7fb4f244e20225323c206511301630340f97d2a218578374adcd9b3e9667f99a	338040	Rammstein	Dalai Lama
track	0ffc295739e2d7a34957f6e9574e97b6539d8c1927bce81eeb019b90a8a25d29	227736	Rammstein	Tier
track	4e0e364c76c8305f7b8652ac9ab10443a72e40cee6bf1766876c725e62ca73c8	230496	Till Lindemann	Alles für die Kinder
track	b47e549e5ba586dbf1688ce2192937db59a06d15312e33997f5377b5669c4521	232392	Till Lindemann	Ich hasse Kinder
track	552ec7fc3fe4c7c41808948efe2580f1cefcb16f5c4b90878eea5974eb895844	261864	Rammstein	Laichzeit
track	ef2c9d2cf16fbf662a0dd5cdf3cb28617f8c6bee80c8765a1d35020c1820ee45	260040	Rammstein	B
track	273fc560b42f0e7824aff8af0255b5728adc3d0448d03e1f8c9950aa552e46f9	240528	Rammstein	Morgenstern
track	272165c7b9178f492448d6028dfdbed4ddf391157b9f3f2f3e7cd6f17d1ca4b5	218784	Rammstein	Dicke Titten
track	9d190763551ec029b235dbc1897bbafdedb97a6f8fcf54c4a2e3dbb76ae9722a	275592	Till Lindemann	Zunge
track	6df47bd8a5439ac65dad57134a4d162313b4149d54fe69ea9ba1d1d053514188	222072	Rammstein	Keine Lust
track	77ab07d4708792ccd8a50cfa10f20ae073fa3ff2ce082bff4156cf90a71845d3	225048	Rammstein	Herzeleid
track	92b87c651bf33a2ee774d83cde0dcaa6b2fd30320514608fecda1418b3424b48	207672	Till Lindemann	Und die Engel singen
track	445a8d759a65045cbb3b55bed7fd122ac3e0f552900246212db3575d4ad7d17e	224856	Rammstein	Halleluja
track	814975003ded2f80de70b08a44808e415b960e31de3165e1bcffafadb57f9ac3	251808	Rammstein	Tattoo
track	40c0deef739db141c9609e84f47e2d952cc12c56a4ff5f6707a84af194c4e117	201648	Rammstein	Bück dich
track	52891b48b21ea80b92960d93f4347f5c554b6c8c8729a0eddd2aff547819a028	233424	Till Lindemann	Nass
track	92b542e3c017b39236a9ebaf45a902c1be71378e811bae6a88b03a8d666732ee	244584	Rammstein	Sehnsucht
track	8328501460244129e28c036f8f7d1769c9aebdb5322e42152d85a7a1d504f188	318768	Rammstein	Rammlied
track	19ea255ff158eb4e76d2e27eab509f68ec5000c2a05d5ae6c31543a9eed917c9	229344	Rammstein	Mann gegen Mann
track	cade76d8e2f01ee928db8a092b7fa8be7c09e9f5eb027b515843bf54f3cc5b93	279408	Live - Lindemann	Skills In Pills
track	68ff4dca8291f726c1e63dc70f181e9cb3950dae16d23647a6fd2418c99761b8	241248	Till Lindemann	Schweiss
track	8dc0ba6d7bb5aeed04ad4a3cd6be48df9d8ebdb998ad90c52c4fc1daef560ceb	305064	Rammstein	Ich tu dir weh
track	664f206271e8b19292531109351cc2ea1d771c598efbb007dadb326e33cf5eb7	231120	Rammstein	Wiener Blut
track	cedba378287611cfd12dcbf8a9b419dbff9e3ba376cf5d9efd913d92f00f18b2	232536	Rammstein	Mein Land
track	48c5b11b201c7b91027674e934de10a59d0c4c0fa4518fde55af36bc90b0d92e	258072	Rammstein	Zwitter
track	68271511ce147e02f237adae60a53c2d2006f017cc58da8a0aa84f146a464002	251664	Rammstein	Hallomann
track	6eceb04323e648f37f58b4a45cf8afbf2e8ca72dd0f166300c71e57500d2adf9	279288	Live - Lindemann	Golden Shower
track	b9b2b357a47d5fcbce678c2ce4b09aa9df2d0cbff5c4cb5b881afce8e7694ef6	199080	Till Lindemann	Übers Meer
track	110854ebb377c68d7aba87f70703666cdec8df48be4e6d9342efc974d84b284d	212880	Rammstein	Waidmanns Heil
track	e59572b0b2a3f2446d6a65ace0153bba5985cdf0b6be644e48a2bb1c820ed1ff	226152	Rammstein	Benzin
track	634136f97a2f0236e9d08b2e8398757c5eebad162525bd8edd9f270f64e07a76	240480	Live - Lindemann	Cowboy
track	07f6049104355b84cc870316117375c7d28f20e9ea821f4be313f750e49780d7	255936	Rammstein	Zeig dich
track	c0975616022bd66e6335cd68f2fe790716ad6431ecfb4818e5296dbcfede41df	297600	Live - Lindemann	Ich weiß es nicht
track	4489cb58b7d354de90cab837c2c356a63ceb69a751ab83d8816609db060f2259	202296	Live - Lindemann	Ladyboy
track	2174b535b1f7592efddd81a466b729c35eba9b0d743347e00009ec88fce1cc4d	279672	Live - Lindemann	Fish On
track	c4bf7a465628e9a77f0a7bb2836c97c75249aa42e95ee1ced5d3c1a725570831	329195	Rammstein	Zerstören
track	cfeea42eeedb278c2c8098baad52896dc717e71432abbbead93eff48f89a5e3f	316056	Live - Lindemann	Platz Eins
track	c8ef3efb64fe0cfa4b6f89483f5c5cf6edd4d0af0a7d19a7a25aef8a2a868723	190056	Rammstein	Rein raus
track	e3525abe558d7c0d910fd100d0e9912f574dfdd4b7c0d825e4e18153186b24da	264792	Till Lindemann	Altes Fleisch
station	18	Revival UK FM	İngiltere sokaklarından stadyumlarına. Acımasız bitiricilik, saf drill.	1789643028704	6095c871d92f5964f5f786c41a271d70de95d5c63122197efe41cb5a5cc2da74
track	1cbce05ec90c164bd7b592da465abf55d97952fd5a3d8d4f777ea039fde7808e	212160	West Connect	Luciano, Central Cee
track	e92b5c0a1a52fc527b33ee83e5629527ad19d7ceb58f66899d6b199d09daffb0	136656	8AM IN MANNY	Nemzzz
track	651d373a781be2e1b09116961b504fd7c679ce83a1c2631505b351b41cb0b660	253128	Screwface Capital	Dave
track	b84efa38c864fe18ab420a3dda306843f8ff482ce3321513cda97ac978f67c3c	97752	The Mantra (Heat in the Street Freestyle)	Knucks
track	f48fe1fb914398ae7c0c7fa2267eab715ca8e2c2492459174d9c86bc9d6769ea	248904	Trojan Horse	Dave, Central Cee
track	e8a99cb70b4a0e20bd24177ed3a91f9ae0272bcc5bbf8a6d1bec8b322684657e	211968	Starlight	Dave
track	19437742738b2b1c59bbc54a513ace8e1cf3fead8ed6c6c2b31359b783f7f6ad	143688	COLD	Nemzzz
track	2466eed44cb27f0e5b19269e6bc4f64bba197bfcbb883af89ecc0d4bc9140f22	183096	Rain	Aitch, AJ Tracey, Tay Keith
track	bcf8fcdb67d32c46cace37176533409bc1685bc35198008c03cf56551d1b9189	262128	Ready	Fredo, Summer Walker
track	65e0d150b5e5f71d392d0e3690fecc0f30d619db25f548425f31eb6cfd807926	109752	Century	EsDeeKid
track	debfc31ea23c67a2b397f65e97910b1a5d840743272e712be347a603c5e5804e	275496	Sailing by Night	Department of Eagles
track	fc0a549fc7a607203509063684264e6187c06178970e85ef36456008f69d48cd	140760	BAND4BAND	Central Cee, Lil Baby
track	baf0b4c6477657b02739cdd362a4bb5273613cfdf12c8fec90c07256169d9dac	187656	Gbona	Burna Boy
track	0768635644e575b56d9809e3703b4bf1755bdcb48242e377e982d293374a4cdb	241320	Location	Dave, Burna Boy
track	c02612409d4be767d8337f20cfbbf4cba96eae7cf7fb00ececb239e3ae5bc829	148872	Mrs	Central Cee
track	7be0b484b177be99ecf4213ccc63805f15a88f7b8b08018a58adf15f78332396	184704	Top Freestyle	Central Cee
track	2e97aafe7c1c7c4e08cf27dcdbd546eb4f468d05fc2af197146e7f1a6ff76695	144144	Rock	Stepz
track	cb529566ee73c447dd6ad163b1b3d9767a1f57eb0f13ffb33ca9f76d60c6106c	173208	NEMZZZ TYPE BEAT	Nemzzz
track	efda860d302b9328a754e3a57fc784ba0e884d606c46672865a34a769e533065	146712	4 Raws	EsDeeKid
track	3d9561fbc8d0f495c134e274beadf1eab2fb83c1c1eeb1933a4790ef952e79dd	229176	Sprinter	Dave, Central Cee
track	257e0209ba75bc603568dab891153e2664314c119f921fb430c71996d0046dff	143856	LIKE ME	MGEE
track	f5ca569733583c49b7abe1c929415aa618ef7522ca06abbf0599eefd729c855b	178032	LA Leakers Freestyle	Central Cee
track	98b3dfd0cc4b2638e9e8145fbd2421743644d3b47e8617283a991be4c8ce09c0	243912	Incredible Sauce (feat. Dave)	Giggs, Dave, David Morse, David Omoregie, Harald Hjermann Sørebø, Jason Neville Thompson
track	e4966d316de475bef10d12d455d017aef88b8dfd050ac035c8a5c3b11bd51483	122280	MONEY AND VIBES	Nemzzz
track	fbb3df7ac75cef36af36537dcf38ae199228fc6c3c56f1bcdb7a0e6472d2c658	196032	Tequila	Dave
track	3d93b356bb9399d6f618751e8b375b235e7ec8b5c66a0c7707bfb630019e880d	111192	LV Sandals	EsDeeKid, Fakemink, Rico Ace
track	5223a23d43092f64872f78729319c6f883a08acb8d9a63a9d94afce695d315b8	232488	Home	Knucks
track	84bfa503ac994c46d34277a0b86c1a79c54f9e70b6e94f8c7d0f09d29da50f10	149976	TLC	Digga
track	0d8a332c4b9a5a111631e561fd79b1a92d286a1f4966385ebde21a8fa01e88cd	205752	Streatham	Dave
track	ef739bb6410a500de5efb403d0834fdfd850674e9e763d2806d9ec4a99b793d3	153768	Different	JayG
track	7198be0a17c73b3cfc492865bcd596e1c41f21e9de5112d91e30be3ad823153c	160128	Greece	Clavish
track	feee6d1ac3fdddc46e4a67a3cf93028e77fc533022e9c633e50e68081a4643a2	202008	Thiago Silva	Dave, AJ Tracey
track	7df9873a9866741f87dc6c08d2491a0a2b8d19c9f345e165cbd6b29084e2d43b	164400	Pressure	Rushy
track	5873b90b93a397a75a12f0b8d5105bcca4b119f221d5bab36f396c4ee2f9a145	237288	Nice & Good	Knucks, SL
track	525fb59214ecaf465ef7290ac9b8a669c1e2fee383f2a2fdf3c4cfc749efdc3c	165096	Right Hand	Unknown T, Knucks
track	5042d97b66604779eb277a692fd1fb2e0b0cba2f590fb88388c165e35fc91f28	203592	Bamba	Luciano, Aitch, BIA
track	7048b9e87773141ba035c2f423aa02b942a027ca3b6c50039352843a420ba5ba	188736	Day in the Life	Central Cee
track	6822d11929e3e337da845343a358a1c67acd3f85e714af128769df5705ce0182	128904	COSY	ayrtn
track	6c581fa92069d258483af0377c8aaa6e9f545c935c9f615bdcad02b296b0fa33	198072	UK Rap	Dave, Central Cee
track	3fb7a50d2d6d66d94056749061dd8c6f9b2de1d988ad4f54a170075fd00c3b39	200592	Leon the Professional	Knucks
track	3cdd6b81604f412ee994cb6a09985364dee6375990d2f92f55da3bbe8123db5c	197472	TRIPLE THREAT	Headie One, K-Trap, Clavish, Irving Adjei
track	755c22a03496cdb76cac8f309cfe113225d3d4bf83f3dc3ef2cad94e71602633	169752	Brilliant Mind II	Blanco, Nemzzz
track	e465145fe5dc1d4fcdcca9f1168c20fc18bb2c57eee2a6acf066718287259c20	176712	Energy	Digga
track	4f5c618ffb048852fccce8dd95ca62f314a69697324edaef2bcdbce5894d59d7	148776	6 For 6	Central Cee
track	b0468cd429d8bd10ce6e4617764e857b5a326cc831fe09f85feffccd9b29da58	182064	CRG	Central Cee, Dave
track	4d879de395b64cfe9fcccc8fc3842d7a90dd203854e2d607e9725dceff80c4d9	175056	Public Figure	Clavish
track	b2da4ab6d8102f71e6b7d637013c1b68ddc8b8bf66cc9e8de35bd17c768774af	171456	FURY	MGEE, NUMBA
track	29a730528ce54638d0a92f93d71392c1e49180d45a43b7262729bcd141323d52	161568	FYP	Nemzzz
track	1dc3ac71b72b5336c3e3e451f1bac17a10153948a12161755f8351d52375989f	251760	Clash	Dave, Stormzy
track	a161bf66c2453b9740da32fb54f41823e08c4819b34805b5c792f3d5f346c8e5	243816	Eurovision (feat. Rondodasosa, Baby Gang, A2 Anti,	Central Cee, Rondodasosa, Freeze Corleone, Baby Gang, A2 Anti, Morad, Beny Jr, Ashe 22, Benny Jr
track	77fd84353503087e3f2d003318614e9851e52c22dbb1c3f83114b7d584dbb9ee	96024	Rottweiler	EsDeeKid
track	d9b421acb081552406f2c22576bf6ab746ea67d97c12b0a0b2d9dc53ac5ebcf4	141312	Reggae & Calyps	Russ Millions, Buni, YV, Andrey Scotton, Jerrel Putallaz, Joshua Guzman, Mathew Kelly, Shavase Taylor, Shay Hanchard, Sh
track	7bb9d7da6d862c7f02ef17b48dbbca945e1d377db4d87713d05f4e7ea20e446d	117360	J'adore	Strandz
track	8b50a96c0c4240aaa46489f43278ec3185db4132c66154eb8fae421a90ecb367	273696	Money Talks	Fredo, Dave
track	c2d246cc5baf25d45f775b17650da157496158dd1b679ed373cd306c68dc2c9f	150696	Commitment Issues	Central Cee
track	9a774145d56858beba67143e38769a296e41fb399d6a8ace5e0620b04edf41bb	221472	Overseas	D-Block Europe, Central Cee
track	e484a5450c5bea1460d57ef9598343de60b74f86585f87c82f61ef2321cee430	122760	Ten	Central Cee, Skepta
track	33749f4ccd6ba4b1b38cdfe56753c5d0bae433b3fc369b594fc9b2508eb3e77d	160032	One Up	Central Cee
station	19	Revival Karadeniz FM	Kemençe yayı gibi gergin, dalgalar kadar hırçın.	1789647739302	c3c6f79f41822fcd3d968251cffb410b699958cd08f6d971e7352de249bab7b2
track	272f48cf67973e9dd09674b7ccf0d23d90036a36d25c54bc18db635d43cf6ead	292127	Erkan Ocaklı (Official Klip)	Çayır Biçiyom Çayır
track	5073a8ecc9a8921442cfd5e3bce73763a5e04580fb8b7d0f4c3c59583148a6ec	253544	Derenin Balıkları	
track	185ef88002b0c66a9d1d8fbcc05d957c6a7eb7c481c623d8a2b0e0cefb2890bc	177144	Gittikçe Eskilere	Batuhan Akyıldız
track	347015e97d0c2ffda0d50f1ad2373f012b2397f2e7ed974cf4fcd87a17e008fa	193296	Karayemiş Dalıyım	Usame İsmail
track	953b1ccff619b0651c1513f66c7ad2d0680b347d90c03c1c7b8b5c6bde9b59ed	160078	Miralay '2019' Official Video Klip	Recebim
track	ef4915eecd51e2ee9d55b6f21a0323a44a619a9e9310d5d781862b6aaa2a34c5	246308	Sana Mı Yanmış	
track	0cf5aef185473cb173fe0ab119254b509fe349c3de641b3a9091c3c6fa560944	182976	Ella Ella	Kazım Koyuncu
track	670715c930d9357d5568873541faf77a63d7680f05a9e5d3ec82bdfa6a616548	272953	SON ŞANS   Son Şans 2023	Emre Havuz
track	67df6dd1d096ad2adcc7dc174a1487df2b64f60b4b141485a4bd15a46b7b744b	185182	Onsuz Durabilirim	Sinan Sami
track	e87d5aad030b967b201bcb4b7eff00a6b3435cb1f06f7ff0dbfecc19d34855d9	259918	Sırmalı	Ayhan Alptekin
track	f119b4c7cb029b2f4d7c5d80b7024a1723cdea16b8e54944e4fb70fa0844512a	222981	Fadime	
track	cd48c18e20be9269e7c6ca18adc36dc1abd3a849d194462120009909356d9e1a	141720	Uy Aha	Kazım Koyuncu
track	f53b34a819b7af3c7a14738ccf0b3f37bfde9f228c67f37d944f34b553537709	252048	Gene Yaranamadım (HORON) Klip	Sinan Sami
track	677b78aa543e1f94030c2c301afba67169a5fc1357eef31da2f605cef26881c7	239908	Gözünü Sevdiğim Yar	Onay Şahin
track	6086abeeddc8db2bbb3faa443c8cb20bfefe89b8afd28c8d46f99a574292de46	169064	Devirdim Otuzbeşi	Mahmut Okutan
track	331c1ca5cfcb4feae2628c9ff040e5f4cb1e12c1c9d19243778039161543470c	266616	Sevdalığa Başladım	Sinan Sami
track	e4d0029618a8a906998b4ec8221e4aaf4c5fe502f997b1136cabae952a0a7726	235990	Sarılsamda Olmayi	Recebim
track	bf3ff779f0446a44adeb8ad35772db79e27f23958eec66c38ecc1e8d15b1b65a	218644	Yarim Yarim feat. @hkn.cebi	Samet Piyaleoğlu
track	7cae4e8f7577d5e23a1c070e951d1c50fe05674cf66ddc3a0f3675347adacc3a	165668	İki Şeye Pişmanım	Efe Karagüzel
track	152e55548c02070a74fd20ca79260bb513d5ad0587460355b47c6053b6f10611	204173	Çoban Kızı	Onay Şahin
track	21f17b1e54859fe229a7d7096092a875b74846d4232e8385a97e1bf316b71a12	255111	Gelde Bir Sarılayım	Cimilli İbo
track	6bca91330151e08dea01680f121276c36eadeca60eea9f5ab0b5a08f06d8c31b	277342	Benim Yolum  '2022'	Recebim
track	dd8a5b4f8554de4a228eef1ccfcd7d4ec70de8e01b652185b09db9b5f18114f0	333888	Sevdalı Canlarımız & Çaykara'ya Uğradım (Potpuri)	
track	dcd4a27f51bb171f8be20e7704ec603376fe878f0cadc977c62586a31c2be6ff	198138	Mahpusluk	Onay Şahin
track	5d111cb1d6e1994bf11fc1c03d6d4075926486b919892081668a29a6f12e8b63	185182	Karakuş	Cimilli İbo
track	a593d6b474153f7bae584fa4f3f3ec56f1cd9d2a6bf315b4866a1909f58df2a1	238824	Oy Oy Guzelum	
track	c8d7dc960dbed5ab1ba752ff6672333ee216dba8bf0ff0b27ac0328eb0913818	266710	Bir Sağa Bir Sola	Sait Uçar
track	13e51f371ced60f46f4e18d67d654594762804aa9ee86d0d611d58dbe350bab9	234266	Horonda Eser Durur #karadenizşarkıları #music #trending #video #klip	SİNAN SAMİ
track	1b4080acc6ecc04f0eb791237309cf1939ef348a7d07da1d4c02bab19f87b206	192626	Sürmene Sallaması	
track	48cf41dd72fd634dc772e0cf10929659c40f398e714a3a5e15fe36217801c2ca	239647	Çise (Official Video)	Yusuf Cemal Keskin
track	ea01de9d19bb4fb77c9f4a4bf055095fbd9573bdff92ca796c2c9e4aaf03e93d	408189	Tulum Potpori	
station	20	Revival Scenecore FM	Yüksek tempo ve bitmeyen ritimler.	1790157958086	dba9387db1324d4026f24e4aa609c8fb79ee3af5c93568ae4c40b24b154d36a6
track	1382ce1db1bcb88054cb99625ecb8ef3296a5cb4687da75fa9ca30877eaa0250	123533	Faster' n Harder	6arelyhuman
track	7b4ea82c583b6555cffbd591fc3c761c92742271c8de6cbe648a2dedfafe6345	188917	Love Potions	BJ Lips · 6arelyhuman · princess paparazzi
track	91a21399ddb5dd31301dfd40e9d586ccde68e9c671f7b7adc51080a8471ce75c	218671	Under Your Spell	Snow Strippers
track	2653401a1c78aff740bf6dd9a9620eeddb2345330dd8e16920a9e7a72f5478bd	144274	Hands up!	6arelyhuman  · kets4eki
track	7ef164cea72d3a78fe58383279c877fcd412b527f34c1f2e354866544f787507	253648	Blow	Ke$ha
track	b1c563aa804d0a9bde452f1026bd93bdf179d1b90c73d6b96ecaedb301792ad5	269609	Shoulder Boulders	S3RL
track	cd9a86c788c493647435f670c4ea8bbbdcd9d5fe5f9a06d0d769f11d6ba0be0f	165746	wutiwant	Unjaps
station	21	Revival Yaşlı Planet FM	Sadece Sagopa Kajmer, uyan 2007'desin.	1790700465985	a15754927dc3ac160b35e7d7c89b321074b04369ff717ad33bd9b525d31c49e3
track	f66107a20373ca693f4c3925f66bffaffaad748a3bb2e1654fed62e2b27285b7	204216	Vasiyet	Sagopa Kajmer
track	7c33bc59915b1dda909230e43b7421ab891907b03d2378f847eca8ffec946872	236184	Karikatür Komedya	Sagopa Kajmer
track	601a047f0b6a13aae795d9ead17879eb38acf683c7b1a0a68fbc76685750cca9	196963	Sagopa Yaşlı Planet	Sagopa Kajmer
track	bd8f0c392e198e3eb6bd066bc3bd723cc62a4035c9a58161367f6c94b0fc703f	239592	Ben Hüsrana Komşuyum	Sagopa Kajmer
track	ac8451195fa75db67782238e9d9ed515cd4ad7eb46fce0cdce4472f06c671521	300564	Galiba	Sagopa Kajmer
track	11b88f4b0e85b01f89091ff621f6da2072322aca9aeee853171ac06a99ea8bcf	151902	İstisnalar Kaideyi Bozmaz	Sagopa Kajmer
track	093bea64817f1af1bb1f4540a309e8ae5e21f0abf639f0f5dc7aa63547b069db	283559	Romantizma	Sagopa Kajmer
track	8aaa5dee32dd21152cd2f6ca190a30f20ababbc7d4ec127f99b4f8ff27eb1242	258481	Kötü İnsanları Tanıma Senesi	Sagopa Kajmer
track	4d85c39e7e0a27de2d515ad6da6192478db8066d225ac58069ad5b6f3906793d	263131	Bir Pesimistin Gözyaşları	Sagopa Kajmer
track	852a4e9d890dfecae9641989266ffe5d3b28f46ac17c771a373905e108648ab7	203102	Tanrı Çekti Tüm Resimleri (feat. Dr. Fuchs)	Sagopa Kajmer
track	741a948cb8272ede6dda2f084581436c921cbba4e6fc950106da9442959bd498	294530	Maskeli Balo	Sagopa Kajmer
track	ee16e5c1a672d02c9724a30100606551e75d98690818a812f1d42162db6c3784	256783	Karabiber Duası (feat. Kasırga)	Sagopa Kajmer
track	8c19c48dde04a3a5b9f141b41b7ac983d236a23d2f6a0c7c56d0d05b787ffb02	286040	Ateşten Gömlek	Sagopa Kajmer
track	0e31835360806401a3c7706161d25b10f9d60539b4cfafe069f48ff12b13c673	226612	Stilo	Sagopa Kajmer